
 INSERT INTO feedback (patient_id, competence_rating, outcome_rating, refer_rating, booking_rating)
VALUES
   
    (3001, 3, 4, 5, 3),
    (3002, 5, 2, 4, 5),
    (3003, 2, 3, 1, 2),
    (3004, 4, 5, 4, 5),
    (3005, 3, 2, 3, 4),
    (3006, 5, 4, 5, 5),
    (3007, 1, 3, 2, 3),
    (3008, 4, 5, 4, 4),
    (3009, 2, 1, 3, 2),
    (3010, 3, 4, 5, 4),
    (3011, 5, 4, 5, 5),
    (3012, 2, 3, 2, 3),
    (3013, 4, 5, 4, 4),
    (3014, 3, 2, 1, 3),
    (3015, 5, 4, 5, 5),
    (3016, 4, 3, 4, 4),
    (3017, 2, 1, 2, 2),
    (3018, 4, 5, 4, 5),
    (3019, 5, 4, 5, 5),
    (3020, 3, 4, 3, 4),
    (3021, 4, 5, 4, 3),
    (3022, 2, 3, 2, 2),
    (3023, 5, 4, 5, 5),
    (3024, 3, 2, 3, 4),
    (3025, 1, 3, 2, 3),
    (3026, 4, 5, 4, 4),
    (3027, 3, 2, 1, 2),
    (3028, 5, 4, 5, 5),
    (3029, 4, 3, 4, 4),
    (3030, 2, 1, 2, 2),
    (3031, 4, 5, 4, 5),
    (3032, 5, 4, 5, 5),
    (3033, 3, 2, 3, 4),
    (3034, 1, 3, 2, 3),
    (3035, 4, 5, 4, 4),
    (3036, 3, 2, 1, 2),
    (3037, 5, 4, 5, 5),
    (3038, 4, 3, 4, 4),
    (3039, 2, 1, 2, 2),
    (3040, 4, 5, 4, 5),
    (3041, 5, 4, 5, 5),
    (3042, 3, 2, 3, 4),
    (3043, 1, 3, 2, 3),
    (3044, 4, 5, 4, 4),
    (3045, 3, 2, 1, 2),
    (3046, 5, 4, 5, 5),
    (3047, 4, 3, 4, 4),
    (3048, 2, 1, 2, 2),
    (3049, 4, 5, 4, 5),
    (3032, 5, 4, 5, 5),
    (3033, 3, 2, 3, 4),
    (3034, 1, 3, 2, 3),
    (3035, 4, 5, 4, 4),
    (3036, 3, 2, 1, 2),
    (3037, 5, 4, 5, 5),
    (3038, 4, 3, 4, 4),
    (3039, 2, 1, 2, 2);
















INSERT INTO Availability (patient_id, doctor_id, date_availability, working_days, time_slot, avail_status)
VALUES
    (3001, 1010, '2023-07-26', 'Mon, Wed, Fri', '2023-07-26 09:00:00', true),
    (3002, 1011, '2023-07-27', 'Tue, Thu', '2023-07-27 14:30:00', true),
    (3003, 1012, '2023-07-28', 'Mon, Wed, Fri', '2023-07-28 11:15:00', true),
    (3004, 1013, '2023-07-29', 'Tue, Thu', '2023-07-29 16:45:00', true),
    (3005, 1014, '2023-07-30', 'Mon, Wed, Fri', '2023-07-30 10:30:00', true),
    (3006, 1015, '2023-07-31', 'Tue, Thu', '2023-07-31 13:00:00', true),
    (3007, 1016, '2023-08-01', 'Mon, Wed, Fri', '2023-08-01 08:45:00', true),
    (3008, 1017, '2023-08-02', 'Tue, Thu', '2023-08-02 15:30:00', true),
    (3009, 1018, '2023-08-03', 'Mon, Wed, Fri', '2023-08-03 12:00:00', true),
    (3010, 1019, '2023-08-04', 'Tue, Thu', '2023-08-04 17:15:00', true),
    (3011, 1020, '2023-08-05', 'Mon, Wed, Fri', '2023-08-05 09:30:00', true),
    (3012, 1021, '2023-08-06', 'Tue, Thu', '2023-08-06 14:00:00', true),
    (3013, 1022, '2023-08-07', 'Mon, Wed, Fri', '2023-08-07 11:45:00', true),
    (3014, 1023, '2023-08-08', 'Tue, Thu', '2023-08-08 16:30:00', true),
    (3015, 1024, '2023-08-09', 'Mon, Wed, Fri', '2023-08-09 10:15:00', true),
    (3016, 1025, '2023-08-10', 'Tue, Thu', '2023-08-10 13:45:00', true),
    (3017, 1026, '2023-08-11', 'Mon, Wed, Fri', '2023-08-11 08:30:00', true),
    (3018, 1027, '2023-08-12', 'Tue, Thu', '2023-08-12 15:00:00', true),
    (3019, 1028, '2023-08-13', 'Mon, Wed, Fri', '2023-08-13 11:00:00', true),
    (3020, 1029, '2023-08-14', 'Tue, Thu', '2023-08-14 17:30:00', true),
    (3021, 1030, '2023-08-15', 'Mon, Wed, Fri', '2023-08-15 09:00:00', true),
    (3022, 1031, '2023-08-16', 'Tue, Thu', '2023-08-16 14:30:00', true),
    (3023, 1032, '2023-08-17', 'Mon, Wed, Fri', '2023-08-17 11:15:00', true),
    (3024, 1033, '2023-08-18', 'Tue, Thu', '2023-08-18 16:45:00', true),
    (3025, 1034, '2023-08-19', 'Mon, Wed, Fri', '2023-08-19 10:30:00', true),
    (3026, 1035, '2023-08-20', 'Tue, Thu', '2023-08-20 13:00:00', true),
    (3027, 1036, '2023-08-21', 'Mon, Wed, Fri', '2023-08-21 08:45:00', true),
    (3028, 1037, '2023-08-22', 'Tue, Thu', '2023-08-22 15:30:00', true),
    (3029, 1038, '2023-08-23', 'Mon, Wed, Fri', '2023-08-23 12:00:00', true),
    (3030, 1039, '2023-08-24', 'Tue, Thu', '2023-08-24 17:15:00', true),
    (3031, 1040, '2023-08-25', 'Mon, Wed, Fri', '2023-08-25 09:30:00', true),
    (3032, 1041, '2023-08-26', 'Tue, Thu', '2023-08-26 14:00:00', true),
    (3033, 1042, '2023-08-27', 'Mon, Wed, Fri', '2023-08-27 11:45:00', true),
    (3034, 1043, '2023-08-28', 'Tue, Thu', '2023-08-28 16:30:00', true),
    (3035, 1044, '2023-08-29', 'Mon, Wed, Fri', '2023-08-29 10:15:00', true),
    (3036, 1045, '2023-08-30', 'Tue, Thu', '2023-08-30 13:45:00', true),
    (3037, 1046, '2023-08-31', 'Mon, Wed, Fri', '2023-08-31 08:30:00', true),
    (3038, 1047, '2023-09-01', 'Tue, Thu', '2023-09-01 15:00:00', true),
    (3039, 1048, '2023-09-02', 'Mon, Wed, Fri', '2023-09-02 11:00:00', true),
    (3040, 1049, '2023-09-03', 'Tue, Thu', '2023-09-03 17:30:00', true),
    (3041, 1050, '2023-09-04', 'Mon, Wed, Fri', '2023-09-04 09:00:00', true),
    (3042, 1051, '2023-09-05', 'Tue, Thu', '2023-09-05 14:30:00', true),
    (3043, 1052, '2023-09-06', 'Mon, Wed, Fri', '2023-09-06 11:15:00', true),
    (3044, 1053, '2023-09-07', 'Tue, Thu', '2023-09-07 16:45:00', true),
    (3045, 1054, '2023-09-08', 'Mon, Wed, Fri', '2023-09-08 10:30:00', true),
    (3046, 1055, '2023-09-09', 'Tue, Thu', '2023-09-09 13:00:00', true),
    (3047, 1056, '2023-09-10', 'Mon, Wed, Fri', '2023-09-10 08:45:00', true),
    (3048, 1057, '2023-09-11', 'Tue, Thu', '2023-09-11 15:30:00', true),
    (3049, 1058, '2023-09-12', 'Mon, Wed, Fri', '2023-09-12 12:00:00', true),
    (3050, 1059, '2023-09-13', 'Tue, Thu', '2023-09-13 17:15:00', true);





























INSERT INTO PatientLogin (patient_id, user_name, password)
VALUES
    (3000, 'patient1', 'pass123'),
    (3001, 'john_doe', 'abc456'),
    (3002, 'mary_smith', 'p@ssword'),
    (3003, 'user123', 'testpass'),
    (3004, 'healthcare21', 'securepw'),
    (3005, 'janedoe87', 'passw0rd'),
    (3006, 'exampleuser', 'pass4321'),
    (3007, 'demo_patient', 'mysecretpw'),
    (3008, 'patient_test', '1234test'),
    (3009, 'your_patient', 'p@ss123!'),
    (3010, 'user456', 'hellopass'),
    (3011, 'medicaluser', 'secure123'),
    (3012, 'sample_patient', 'password1'),
    (3013, 'patient2', 'letmein12'),
    (3014, 'test_patient', 'test1234'),
    (3015, 'login_user', 'changeme'),
    (3016, 'patientdemo', 'demo321'),
    (3017, 'health123', 'passtest'),
    (3018, 'securelogin', 'mypass123'),
    (3019, 'user789', '98765pass'),
    (3020, 'patient_3020', 'securepw123'),
    (3021, 'john_smith', 'abcd1234'),
    (3022, 'mary_doe', 'p@ssword123'),
    (3023, 'user567', 'test456'),
    (3024, 'healthcare22', 'securepw22'),
    (3025, 'johndoe22', 'passw0rd22'),
    (3026, 'exampleuser22', 'pass432122'),
    (3027, 'demo_patient22', 'mysecretpw22'),
    (3028, 'patient_test22', '1234test22'),
    (3029, 'your_patient22', 'p@ss12322!'),
    (3030, 'user45622', 'hellopass22'),
    (3031, 'medicaluser22', 'secure12322'),
    (3032, 'sample_patient22', 'password122'),
    (3033, 'patient223', 'letmein122'),
    (3034, 'test_patient22', 'test123422'),
    (3035, 'login_user22', 'changeme22'),
    (3036, 'patientdemo22', 'demo32122'),
    (3037, 'health223', 'passtest22'),
    (3038, 'securelogin22', 'mypass12322'),
    (3039, 'user78922', '98765pass22'),
    (3040, 'patient_3040', 'securepw3040'),
    (3041, 'john_smith40', 'abcd3040'),
    (3042, 'mary_doe40', 'p@ssword3040'),
    (3043, 'user56740', 'test3040'),
    (3044, 'healthcare40', 'securepw40'),
    (3045, 'johndoe40', 'passw0rd40'),
    (3046, 'exampleuser40', 'pass432140'),
    (3047, 'demo_patient40', 'mysecretpw40'),
    (3048, 'patient_test40', '1234test40'),
    (3049, 'your_patient40', 'p@ss12340!'),
    (3050, 'user45640', 'hellopass40'),
    (3051, 'medicaluser40', 'secure12340'),
    (3052, 'sample_patient40', 'password140'),
    (3053, 'patient240', 'letmein140'),
    (3054, 'test_patient40', 'test123440'),
    (3055, 'login_user40', 'changeme40'),
    (3056, 'patientdemo40', 'demo32140'),
    (3057, 'health240', 'passtest40'),
    (3058, 'securelogin40', 'mypass12340'),
    (3059, 'user78940', '98765pass40'),
    (3060, 'patient_3060', 'securepw3060'),
    (3061, 'john_smith60', 'abcd3060'),
    (3062, 'mary_doe60', 'p@ssword3060'),
    (3063, 'user56760', 'test3060'),
    (3064, 'healthcare60', 'securepw60'),
    (3065, 'johndoe60', 'passw0rd60'),
    (3066, 'exampleuser60', 'pass432160'),
    (3067, 'demo_patient60', 'mysecretpw60'),
    (3068, 'patient_test60', '1234test60'),
    (3069, 'your_patient60', 'p@ss12360!'),
    (3070, 'user45660', 'hellopass60'),
    (3071, 'medicaluser60', 'secure12360'),
    (3072, 'sample_patient60', 'password160'),
    (3073, 'patient260', 'letmein160'),
    (3074, 'test_patient60', 'test123460'),
    (3075, 'login_user60', 'changeme60'),
    (3076, 'patientdemo60', 'demo32160'),
    (3077, 'health260', 'passtest60'),
    (3078, 'securelogin60', 'mypass12360'),
    (3079, 'user78960', '98765pass60'),
    (3080, 'patient_3080', 'securepw3080'),
    (3081, 'john_smith80', 'abcd3080'),
    (3082, 'mary_doe80', 'p@ssword3080'),
    (3083, 'user56780', 'test3080'),
    (3084, 'healthcare80', 'securepw80'),
    (3085, 'johndoe80', 'passw0rd80'),
    (3086, 'exampleuser80', 'pass432180'),
    (3087, 'demo_patient80', 'mysecretpw80'),
    (3088, 'patient_test80', '1234test80'),
    (3089, 'your_patient80', 'p@ss12380!'),
    (3090, 'user45680', 'hellopass80'),
    (3091, 'medicaluser80', 'secure12380'),
    (3092, 'sample_patient80', 'password180'),
    (3093, 'patient280', 'letmein180'),
    (3094, 'test_patient80', 'test123480'),
    (3095, 'login_user80', 'changeme80'),
    (3096, 'patientdemo80', 'demo32180'),
    (3097, 'health280', 'passtest80'),
    (3098, 'securelogin80', 'mypass12380'),
    (3099, 'user78980', '98765pass80'),
    (3100, 'patient_3100', 'securepw3100');







INSERT INTO doctor_login (doctor_id, user_name, password)
VALUES
 
    (1001, 'john_doe_doc', 'doctor123'),
    (1002, 'dr_smith', 'securepass'),
    (1003, 'doc_user123', 'testdoctor'),
    (1004, 'healthcare_doc', 'pass1234'),
    (1005, 'johndoe_doc', 'doctorpw'),
    (1006, 'example_doc', 'docpass4321'),
    (1007, 'demo_doctor', 'mydocpw'),
    (1008, 'doctor_test', 'testdoc123'),
    (1009, 'your_doc', 'doctors123'),
    (1010, 'drjane', 'drjane321'),
    (1011, 'medical_doc', 'meddoc123'),
    (1012, 'sample_doc', 'docsample1'),
    (1013, 'doc2', 'docletin12'),
    (1014, 'test_doctor', 'testdoc321'),
    (1015, 'login_doc', 'doclogin123'),
    (1016, 'docdemo', 'demodoc321'),
    (1017, 'doc_health', 'dochealth123'),
    (1018, 'secure_doc', 'secure123doc'),
    (1019, 'doc789', '98765doc'),
    (1020, 'doctor_1020', 'docpass1020'),
    (1021, 'john_doe_doc1021', 'doctor1021'),
    (1022, 'dr_smith1022', 'securepass1022'),
    (1023, 'doc_user1023', 'testdoctor1023'),
    (1024, 'healthcare_doc1024', 'pass12341024'),
    (1025, 'johndoe_doc1025', 'doctorpw1025'),
    (1026, 'example_doc1026', 'docpass43211026'),
    (1027, 'demo_doctor1027', 'mydocpw1027'),
    (1028, 'doctor_test1028', 'testdoc1231028'),
    (1029, 'your_doc1029', 'doctors1231029'),
    (1030, 'drjane1030', 'drjane3211030'),
    (1031, 'medical_doc1031', 'meddoc1231031'),
    (1032, 'sample_doc1032', 'docsample11032'),
    (1033, 'doc21033', 'docletin121033'),
    (1034, 'test_doctor1034', 'testdoc3211034'),
    (1035, 'login_doc1035', 'doclogin1231035'),
    (1036, 'docdemo1036', 'demodoc3211036'),
    (1037, 'doc_health1037', 'dochealth1231037'),
    (1038, 'secure_doc1038', 'secure123doc1038'),
    (1039, 'doc7891039', '98765doc1039'),
    (1040, 'doctor_1040', 'docpass1040'),
    (1041, 'john_doe_doc1041', 'doctor1041'),
    (1042, 'dr_smith1042', 'securepass1042'),
    (1043, 'doc_user1043', 'testdoctor1043'),
    (1044, 'healthcare_doc1044', 'pass12341044'),
    (1045, 'johndoe_doc1045', 'doctorpw1045'),
    (1046, 'example_doc1046', 'docpass43211046'),
    (1047, 'demo_doctor1047', 'mydocpw1047'),
    (1048, 'doctor_test1048', 'testdoc1231048'),
    (1049, 'your_doc1049', 'doctors1231049'),
    (1050, 'drjane1050', 'drjane3211050'),
    (1051, 'medical_doc1051', 'meddoc1231051'),
    (1052, 'sample_doc1052', 'docsample11052'),
    (1053, 'doc21053', 'docletin121053'),
    (1054, 'test_doctor1054', 'testdoc3211054'),
    (1055, 'login_doc1055', 'doclogin1231055'),
    (1056, 'docdemo1056', 'demodoc3211056'),
    (1057, 'doc_health1057', 'dochealth1231057'),
    (1058, 'secure_doc1058', 'secure123doc1058'),
    (1059, 'doc7891059', '98765doc1059'),
    (1060, 'doctor_1060', 'docpass1060'),
    (1061, 'john_doe_doc1061', 'doctor1061'),
    (1062, 'dr_smith1062', 'securepass1062'),
    (1063, 'doc_user1063', 'testdoctor1063'),
    (1064, 'healthcare_doc1064', 'pass12341064'),
    (1065, 'johndoe_doc1065', 'doctorpw1065'),
    (1066, 'example_doc1066', 'docpass43211066'),
    (1067, 'demo_doctor1067', 'mydocpw1067'),
    (1068, 'doctor_test1068', 'testdoc1231068'),
    (1069, 'your_doc1069', 'doctors1231069'),
    (1070, 'drjane1070', 'drjane3211070'),
    (1071, 'medical_doc1071', 'meddoc1231071'),
    (1072, 'sample_doc1072', 'docsample11072'),
    (1073, 'doc21073', 'docletin121073'),
    (1074, 'test_doctor1074', 'testdoc3211074'),
    (1075, 'login_doc1075', 'doclogin1231075'),
    (1076, 'docdemo1076', 'demodoc3211076'),
    (1077, 'doc_health1077', 'dochealth1231077'),
    (1078, 'secure_doc1078', 'secure123doc1078'),
    (1079, 'doc7891079', '98765doc1079'),
    (1080, 'doctor_1080', 'docpass1080'),
    (1081, 'john_doe_doc1081', 'doctor1081'),
    (1082, 'dr_smith1082', 'securepass1082'),
    (1083, 'doc_user1083', 'testdoctor1083'),
    (1084, 'healthcare_doc1084', 'pass12341084'),
    (1085, 'johndoe_doc1085', 'doctorpw1085'),
    (1086, 'example_doc1086', 'docpass43211086'),
    (1087, 'demo_doctor1087', 'mydocpw1087'),
    (1088, 'doctor_test1088', 'testdoc1231088'),
    (1089, 'your_doc1089', 'doctors1231089'),
    (1090, 'drjane1090', 'drjane3211090'),
    (1091, 'medical_doc1091', 'meddoc1231091'),
    (1092, 'sample_doc1092', 'docsample11092'),
    (1093, 'doc21093', 'docletin121093'),
    (1094, 'test_doctor1094', 'testdoc3211094'),
    (1095, 'login_doc1095', 'doclogin1231095'),
    (1096, 'docdemo1096', 'demodoc3211096'),
    (1097, 'doc_health1097', 'dochealth1231097'),
    (1098, 'secure_doc1098', 'secure123doc1098'),
    (1099, 'doc7891099', '98765doc1099'),
    (1100, 'doctor_1100', 'docpass1100');







INSERT INTO patient (patient_id, doctor_id, patient_name, gender, date_of_birth, contact, age, blood_group, height)
VALUES
    (3001, 1001, 'John Doe', 'Male', '1990-05-15', '+1 (123) 456-7890', '32', 'A+', 175),
    (3002, 1002, 'Mary Smith', 'Female', '1985-09-25', '+1 (987) 654-3210', '36', 'B-', 162),
    (3003, 1003, 'Robert Johnson', 'Male', '1978-12-10', '+1 (555) 123-4567', '43', 'O+', 180),
    (3004, 1004, 'Emily Davis', 'Female', '1995-07-30', '+1 (777) 333-2222', '26', 'AB+', 168),
    (3005, 1005, 'Michael Wilson', 'Male', '1982-02-20', '+1 (444) 987-6543', '39', 'B+', 185),
    (3006, 1006, 'Jessica Lee', 'Female', '1992-11-05', '+1 (222) 888-9999', '29', 'A-', 160),
    (3007, 1007, 'William Miller', 'Male', '1980-03-12', '+1 (333) 555-4444', '41', 'AB-', 175),
    (3008, 1008, 'Linda Brown', 'Female', '1975-08-18', '+1 (111) 222-3333', '46', 'O-', 170),
    (3009, 1009, 'David Taylor', 'Male', '1988-06-28', '+1 (999) 111-2222', '33', 'B-', 178),
    (3010, 1010, 'Sarah Anderson', 'Female', '1998-04-08', '+1 (777) 999-8888', '23', 'A+', 155),
    (3011, 1011, 'Richard Martinez', 'Male', '1977-01-01', '+1 (444) 666-7777', '44', 'O+', 190),
    (3012, 1012, 'Karen Garcia', 'Female', '1991-10-20', '+1 (888) 111-0000', '30', 'B+', 165),
    (3013, 1013, 'Daniel Hernandez', 'Male', '1987-09-14', '+1 (222) 444-6666', '34', 'A-', 175),
    (3014, 1014, 'Jennifer Thomas', 'Female', '1984-12-22', '+1 (333) 555-7777', '37', 'AB-', 160),
    (3015, 1015, 'James Robinson', 'Male', '1993-07-05', '+1 (555) 888-9999', '28', 'O-', 180),
    (3016, 1016, 'Elizabeth White', 'Female', '1979-02-17', '+1 (777) 111-2222', '42', 'B+', 170),
    (3017, 1017, 'Christopher Scott', 'Male', '1996-11-11', '+1 (888) 444-5555', '25', 'A+', 175),
    (3018, 1018, 'Lisa Green', 'Female', '1983-05-27', '+1 (111) 777-8888', '38', 'AB-', 162),
    (3019, 1019, 'Matthew Adams', 'Male', '1989-08-03', '+1 (222) 333-4444', '32', 'O-', 185),
    (3020, 1020, 'Samantha Turner', 'Female', '1999-03-09', '+1 (444) 555-6666', '22', 'B+', 160),
    (3021, 1021, 'Michaela King', 'Female', '1991-06-14', '+1 (555) 777-8888', '30', 'A-', 165),
    (3022, 1022, 'Josephine Turner', 'Female', '1976-09-05', '+1 (888) 333-4444', '45', 'AB+', 170),
    (3023, 1023, 'Andrew Roberts', 'Male', '1988-11-28', '+1 (333) 555-6666', '33', 'O-', 175),
    (3024, 1024, 'Natalie Hill', 'Female', '1993-02-19', '+1 (222) 777-8888', '28', 'B+', 160),
    (3025, 1025, 'Christopher Phillips', 'Male', '1981-07-20', '+1 (777) 111-2222', '40', 'A-', 180),
    (3026, 1026, 'Isabella Ross', 'Female', '1986-04-10', '+1 (444) 555-6666', '35', 'O+', 168),
    (3027, 1027, 'Alexander Wood', 'Male', '1975-12-15', '+1 (888) 999-0000', '46', 'AB-', 175),
    (3028, 1028, 'Olivia Carter', 'Female', '1992-03-27', '+1 (555) 666-7777', '29', 'B+', 162),
    (3029, 1029, 'Benjamin James', 'Male', '1980-05-07', '+1 (999) 111-2222', '41', 'A+', 178),
    (3030, 1030, 'Sophia Adams', 'Female', '1998-08-01', '+1 (777) 999-8888', '23', 'O+', 155),
    (3031, 1031, 'William Gray', 'Male', '1977-01-21', '+1 (444) 666-7777', '44', 'B-', 190),
    (3032, 1032, 'Emma Rivera', 'Female', '1991-11-02', '+1 (888) 111-0000', '30', 'AB-', 165),
    (3033, 1033, 'James Cox', 'Male', '1987-10-14', '+1 (222) 444-6666', '34', 'A+', 175),
    (3034, 1034, 'Ava Jenkins', 'Female', '1984-12-25', '+1 (333) 555-7777', '37', 'O-', 160),
    (3035, 1035, 'Ethan Griffin', 'Male', '1993-06-07', '+1 (555) 888-9999', '28', 'B+', 180),
    (3036, 1036, 'Charlotte Bell', 'Female', '1979-03-17', '+1 (777) 111-2222', '42', 'A-', 170),
    (3037, 1037, 'Daniel Coleman', 'Male', '1996-12-11', '+1 (888) 444-5555', '25', 'O+', 175),
    (3038, 1038, 'Scarlett Foster', 'Female', '1983-07-27', '+1 (111) 777-8888', '38', 'B-', 162),
    (3039, 1039, 'Jackson Murphy', 'Male', '1989-10-03', '+1 (222) 333-4444', '32', 'A+', 185),
    (3040, 1040, 'Madison Powell', 'Female', '1999-05-09', '+1 (444) 555-6666', '22', 'O-', 160),
    (3041, 1041, 'Jacob Hughes', 'Male', '1975-09-25', '+1 (555) 777-8888', '46', 'AB+', 170),
    (3042, 1042, 'Lily Long', 'Female', '1988-12-01', '+1 (888) 333-4444', '33', 'A-', 175),
    (3043, 1043, 'Aiden Simmons', 'Male', '1995-02-14', '+1 (333) 555-6666', '26', 'O+', 168),
    (3044, 1044, 'Chloe Patterson', 'Female', '1982-07-30', '+1 (222) 777-8888', '39', 'B+', 160),
    (3045, 1045, 'Mason Baker', 'Male', '1992-04-20', '+1 (777) 111-2222', '29', 'A-', 180),
    (3046, 1046, 'Ella Simmons', 'Female', '1978-11-05', '+1 (444) 555-6666', '43', 'O+', 168),
    (3047, 1047, 'Jayden Ross', 'Male', '1992-01-19', '+1 (888) 999-0000', '29', 'AB-', 175),
    (3048, 1048, 'Aria Myers', 'Female', '1976-03-27', '+1 (555) 666-7777', '45', 'B+', 162),
    (3049, 1049, 'Elijah Simmons', 'Male', '1985-05-15', '+1 (999) 111-2222', '36', 'A+', 178),
    (3050, 1050, 'Grace Simmons', 'Female', '1999-08-08', '+1 (777) 999-8888', '22', 'O+', 155),
    (3051, 1051, 'Benjamin Clark', 'Male', '1978-01-01', '+1 (444) 666-7777', '43', 'B-', 190),
    (3052, 1052, 'Hannah Turner', 'Female', '1993-11-20', '+1 (888) 111-0000', '28', 'AB-', 165),
    (3053, 1053, 'Samuel Cox', 'Male', '1988-09-14', '+1 (222) 444-6666', '33', 'A+', 175),
    (3054, 1054, 'Victoria Jenkins', 'Female', '1984-12-22', '+1 (333) 555-7777', '37', 'O-', 160),
    (3055, 1055, 'William Griffin', 'Male', '1994-07-05', '+1 (555) 888-9999', '27', 'B+', 180),
    (3056, 1056, 'Sofia Bell', 'Female', '1979-02-17', '+1 (777) 111-2222', '42', 'A-', 170),
    (3057, 1057, 'Daniel Coleman', 'Male', '1996-11-11', '+1 (888) 444-5555', '25', 'O+', 175),
    (3058, 1058, 'Emily Foster', 'Female', '1983-05-27', '+1 (111) 777-8888', '38', 'B-', 162),
    (3059, 1059, 'Christopher Murphy', 'Male', '1989-08-03', '+1 (222) 333-4444', '32', 'A+', 185),
    (3060, 1060, 'Ava Powell', 'Female', '1999-03-09', '+1 (444) 555-6666', '22', 'O-', 160),
    (3061, 1061, 'Noah Hughes', 'Male', '1975-09-25', '+1 (555) 777-8888', '46', 'AB+', 170),
    (3062, 1062, 'Olivia Long', 'Female', '1988-12-01', '+1 (888) 333-4444', '33', 'A-', 175),
    (3063, 1063, 'Mason Simmons', 'Male', '1995-02-14', '+1 (333) 555-6666', '26', 'O+', 168),
    (3064, 1064, 'Sophia Patterson', 'Female', '1982-07-30', '+1 (222) 777-8888', '39', 'B+', 160),
    (3065, 1065, 'Liam Baker', 'Male', '1992-04-20', '+1 (777) 111-2222', '29', 'A-', 180),
    (3066, 1066, 'Isabella Simmons', 'Female', '1978-11-05', '+1 (444) 555-6666', '43', 'O+', 168),
    (3067, 1067, 'Jackson Ross', 'Male', '1992-01-19', '+1 (888) 999-0000', '29', 'AB-', 175),
    (3068, 1068, 'Emma Myers', 'Female', '1976-03-27', '+1 (555) 666-7777', '45', 'B+', 162),
    (3069, 1069, 'Noah Simmons', 'Male', '1985-05-15', '+1 (999) 111-2222', '36', 'A+', 178),
    (3070, 1070, 'Olivia Simmons', 'Female', '1999-08-08', '+1 (777) 999-8888', '22', 'O+', 155),
    (3071, 1071, 'Elijah Clark', 'Male', '1978-01-01', '+1 (444) 666-7777', '43', 'B-', 190),
    (3072, 1072, 'Aria Turner', 'Female', '1993-11-20', '+1 (888) 111-0000', '28', 'AB-', 165),
    (3073, 1073, 'Daniel Cox', 'Male', '1988-09-14', '+1 (222) 444-6666', '33', 'A+', 175),
    (3074, 1074, 'Chloe Jenkins', 'Female', '1984-12-22', '+1 (333) 555-7777', '37', 'O-', 160),
    (3075, 1075, 'William Griffin', 'Male', '1994-07-05', '+1 (555) 888-9999', '27', 'B+', 180),
    (3076, 1076, 'Sofia Bell', 'Female', '1979-02-17', '+1 (777) 111-2222', '42', 'A-', 170),
    (3077, 1077, 'Daniel Coleman', 'Male', '1996-11-11', '+1 (888) 444-5555', '25', 'O+', 175),
    (3078, 1078, 'Emily Foster', 'Female', '1983-05-27', '+1 (111) 777-8888', '38', 'B-', 162),
    (3079, 1079, 'Christopher Murphy', 'Male', '1989-08-03', '+1 (222) 333-4444', '32', 'A+', 185),
    (3080, 1080, 'Ava Powell', 'Female', '1999-03-09', '+1 (444) 555-6666', '22', 'O-', 160),
    (3081, 1081, 'Noah Hughes', 'Male', '1975-09-25', '+1 (555) 777-8888', '46', 'AB+', 170),
    (3082, 1082, 'Olivia Long', 'Female', '1988-12-01', '+1 (888) 333-4444', '33', 'A-', 175),
    (3083, 1083, 'Mason Simmons', 'Male', '1995-02-14', '+1 (333) 555-6666', '26', 'O+', 168),
    (3084, 1084, 'Sophia Patterson', 'Female', '1982-07-30', '+1 (222) 777-8888', '39', 'B+', 160),
    (3085, 1085, 'Liam Baker', 'Male', '1992-04-20', '+1 (777) 111-2222', '29', 'A-', 180),
    (3086, 1086, 'Isabella Simmons', 'Female', '1978-11-05', '+1 (444) 555-6666', '43', 'O+', 168),
    (3087, 1087, 'Jackson Ross', 'Male', '1992-01-19', '+1 (888) 999-0000', '29', 'AB-', 175),
    (3088, 1088, 'Emma Myers', 'Female', '1976-03-27', '+1 (555) 666-7777', '45', 'B+', 162),
    (3089, 1089, 'Noah Simmons', 'Male', '1985-05-15', '+1 (999) 111-2222', '36', 'A+', 178),
    (3090, 1090, 'Olivia Simmons', 'Female', '1999-08-08', '+1 (777) 999-8888', '22', 'O+', 155),
    (3091, 1091, 'Elijah Clark', 'Male', '1978-01-01', '+1 (444) 666-7777', '43', 'B-', 190),
    (3092, 1092, 'Aria Turner', 'Female', '1993-11-20', '+1 (888) 111-0000', '28', 'AB-', 165),
    (3093, 1093, 'Daniel Cox', 'Male', '1988-09-14', '+1 (222) 444-6666', '33', 'A+', 175),
    (3094, 1094, 'Chloe Jenkins', 'Female', '1984-12-22', '+1 (333) 555-7777', '37', 'O-', 160),
    (3095, 1095, 'William Griffin', 'Male', '1994-07-05', '+1 (555) 888-9999', '27', 'B+', 180),
    (3096, 1096, 'Sofia Bell', 'Female', '1979-02-17', '+1 (777) 111-2222', '42', 'A-', 170),
    (3097, 1097, 'Daniel Coleman', 'Male', '1996-11-11', '+1 (888) 444-5555', '25', 'O+', 175),
    (3098, 1098, 'Emily Foster', 'Female', '1983-05-27', '+1 (111) 777-8888', '38', 'B-', 162),
    (3099, 1099, 'Christopher Murphy', 'Male', '1989-08-03', '+1 (222) 333-4444', '32', 'A+', 185),
    (3100, 1100, 'Ava Powell', 'Female', '1999-03-09', '+1 (444) 555-6666', '22', 'O-', 160);

    




 INSERT INTO doctors (doctor_id, patient_id, Name, email, contact, speciality, NPI_NO, Practice_location, fees)
VALUES
    (1001, 3001, 'Dr. John Smith', 'john.smith@example.com', '+1 (555) 123-4567', 'Cardiology', 348901, '123 Main St, City, State', 150.0),
    (1002, 3002, 'Dr. Emily Johnson', 'emily.johnson@example.com', '+1 (555) 987-6543', 'Dermatology', 349001, '456 First Ave, City, State', 180.0),
    (1003, 3003, 'Dr. Michael Williams', 'michael.williams@example.com', '+1 (555) 456-7890', 'Orthopedics', 349101, '789 Elm St, City, State', 200.0),
    (1004, 3004, 'Dr. Sophia Brown', 'sophia.brown@example.com', '+1 (555) 789-0123', 'Pediatrics', 349201, '101 Oak St, City, State', 160.0),
    (1005, 3005, 'Dr. William Davis', 'william.davis@example.com', '+1 (555) 234-5678', 'Neurology', 349301, '555 Maple Ave, City, State', 175.0),
    (1006, 3006, 'Dr. Olivia Miller', 'olivia.miller@example.com', '+1 (555) 567-8901', 'Ophthalmology', 349401, '222 Pine St, City, State', 190.0),
    (1007, 3007, 'Dr. James Wilson', 'james.wilson@example.com', '+1 (555) 890-1234', 'Gastroenterology', 349501, '333 Birch Rd, City, State', 170.0),
    (1008, 3008, 'Dr. Isabella Garcia', 'isabella.garcia@example.com', '+1 (555) 012-3456', 'ENT', 349601, '444 Oak Ln, City, State', 185.0),
    (1009, 3009, 'Dr. Benjamin Martinez', 'benjamin.martinez@example.com', '+1 (555) 123-4567', 'Cardiology', 349701, '555 Elm St, City, State', 150.0),
    (1010, 3010, 'Dr. Emma Anderson', 'emma.anderson@example.com', '+1 (555) 987-6543', 'Dermatology', 349801, '666 First Ave, City, State', 180.0),
    (1011, 3011, 'Dr. Alexander Clark', 'alexander.clark@example.com', '+1 (555) 456-7890', 'Orthopedics', 349901, '777 Elm St, City, State', 200.0),
    (1012, 3012, 'Dr. Mia Lee', 'mia.lee@example.com', '+1 (555) 789-0123', 'Pediatrics', 350001, '888 Oak St, City, State', 160.0),
    (1013, 3013, 'Dr. Ethan Hall', 'ethan.hall@example.com', '+1 (555) 234-5678', 'Neurology', 350101, '999 Maple Ave, City, State', 175.0),
    (1014, 3014, 'Dr. Ava Perez', 'ava.perez@example.com', '+1 (555) 567-8901', 'Ophthalmology', 350201, '111 Pine St, City, State', 190.0),
    (1015, 3015, 'Dr. Lucas Rivera', 'lucas.rivera@example.com', '+1 (555) 890-1234', 'Gastroenterology', 350301, '222 Birch Rd, City, State', 170.0),
    (1016, 3016, 'Dr. Mia Diaz', 'mia.diaz@example.com', '+1 (555) 012-3456', 'ENT', 350401, '333 Oak Ln, City, State', 185.0),
    (1017, 3017, 'Dr. Jackson Evans', 'jackson.evans@example.com', '+1 (555) 123-4567', 'Cardiology', 350501, '444 Elm St, City, State', 150.0),
    (1018, 3018, 'Dr. Amelia Murphy', 'amelia.murphy@example.com', '+1 (555) 987-6543', 'Dermatology', 350601, '555 First Ave, City, State', 180.0),
    (1019, 3019, 'Dr. Samuel Turner', 'samuel.turner@example.com', '+1 (555) 456-7890', 'Orthopedics', 350701, '666 Elm St, City, State', 200.0),
    (1020, 3020, 'Dr. Mia Parker', 'mia.parker@example.com', '+1 (555) 789-0123', 'Pediatrics', 350801, '777 Oak St, City, State', 160.0),
  
    (1021, 3021, 'Dr. Ethan Turner', 'ethan.turner@example.com', '+1 (555) 123-4567', 'Cardiology', 350901, '888 Elm St, City, State', 150.0),
    (1022, 3022, 'Dr. Ava Lopez', 'ava.lopez@example.com', '+1 (555) 987-6543', 'Dermatology', 351001, '999 First Ave, City, State', 180.0),
    (1023, 3023, 'Dr. Lucas Wright', 'lucas.wright@example.com', '+1 (555) 456-7890', 'Orthopedics', 351101, '101 Maple St, City, State', 200.0),
    (1024, 3024, 'Dr. Mia Parker', 'mia.parker@example.com', '+1 (555) 789-0123', 'Pediatrics', 351201, '222 Pine Ave, City, State', 160.0),
    (1025, 3025, 'Dr. Jackson Evans', 'jackson.evans@example.com', '+1 (555) 234-5678', 'Neurology', 351301, '333 Elm St, City, State', 175.0),
    (1026, 3026, 'Dr. Amelia Murphy', 'amelia.murphy@example.com', '+1 (555) 567-8901', 'Ophthalmology', 351401, '444 Birch Rd, City, State', 190.0),
    (1027, 3027, 'Dr. Samuel Turner', 'samuel.turner@example.com', '+1 (555) 890-1234', 'Gastroenterology', 351501, '555 Oak Ln, City, State', 170.0),
    (1028, 3028, 'Dr. Mia Parker', 'mia.parker@example.com', '+1 (555) 012-3456', 'ENT', 351601, '666 Elm St, City, State', 185.0),
    (1029, 3029, 'Dr. Ethan Turner', 'ethan.turner@example.com', '+1 (555) 123-4567', 'Cardiology', 351701, '777 Elm St, City, State', 150.0),
    (1030, 3030, 'Dr. Ava Lopez', 'ava.lopez@example.com', '+1 (555) 987-6543', 'Dermatology', 351801, '888 First Ave, City, State', 180.0),
    (1031, 3031, 'Dr. Lucas Wright', 'lucas.wright@example.com', '+1 (555) 456-7890', 'Orthopedics', 351901, '999 Maple St, City, State', 200.0),
    (1032, 3032, 'Dr. Mia Parker', 'mia.parker@example.com', '+1 (555) 789-0123', 'Pediatrics', 352001, '101 Pine Ave, City, State', 160.0),
    (1033, 3033, 'Dr. Jackson Evans', 'jackson.evans@example.com', '+1 (555) 234-5678', 'Neurology', 352101, '222 Elm St, City, State', 175.0),
    (1034, 3034, 'Dr. Amelia Murphy', 'amelia.murphy@example.com', '+1 (555) 567-8901', 'Ophthalmology', 352201, '333 Birch Rd, City, State', 190.0),
    (1035, 3035, 'Dr. Samuel Turner', 'samuel.turner@example.com', '+1 (555) 890-1234', 'Gastroenterology', 352301, '444 Oak Ln, City, State', 170.0),
    (1036, 3036, 'Dr. Mia Parker', 'mia.parker@example.com', '+1 (555) 012-3456', 'ENT', 352401, '555 Elm St, City, State', 185.0),
    (1037, 3037, 'Dr. Ethan Turner', 'ethan.turner@example.com', '+1 (555) 123-4567', 'Cardiology', 352501, '666 First Ave, City, State', 150.0),
    (1038, 3038, 'Dr. Ava Lopez', 'ava.lopez@example.com', '+1 (555) 987-6543', 'Dermatology', 352601, '777 Maple St, City, State', 180.0),
    (1039, 3039, 'Dr. Lucas Wright', 'lucas.wright@example.com', '+1 (555) 456-7890', 'Orthopedics', 352701, '888 Pine Ave, City, State', 200.0),
    (1040, 3040, 'Dr. Mia Parker', 'mia.parker@example.com', '+1 (555) 789-0123', 'Pediatrics', 352801, '999 Elm St, City, State', 160.0),
    (1041, 3041, 'Dr. Jackson Evans', 'jackson.evans@example.com', '+1 (555) 234-5678', 'Neurology', 352901, '101 Birch Rd, City, State', 175.0),
    (1042, 3042, 'Dr. Amelia Murphy', 'amelia.murphy@example.com', '+1 (555) 567-8901', 'Ophthalmology', 353001, '222 Oak Ln, City, State', 190.0),
    (1043, 3043, 'Dr. Samuel Turner', 'samuel.turner@example.com', '+1 (555) 890-1234', 'Gastroenterology', 353101, '333 Elm St, City, State', 170.0),
    (1044, 3044, 'Dr. Mia Parker', 'mia.parker@example.com', '+1 (555) 012-3456', 'ENT', 353201, '444 First Ave, City, State', 185.0),
    (1045, 3045, 'Dr. Ethan Turner', 'ethan.turner@example.com', '+1 (555) 123-4567', 'Cardiology', 353301, '555 Maple St, City, State', 150.0),
    (1046, 3046, 'Dr. Ava Lopez', 'ava.lopez@example.com', '+1 (555) 987-6543', 'Dermatology', 353401, '666 Pine Ave, City, State', 180.0),
    (1047, 3047, 'Dr. Lucas Wright', 'lucas.wright@example.com', '+1 (555) 456-7890', 'Orthopedics', 353501, '777 Elm St, City, State', 200.0),
    (1048, 3048, 'Dr. Mia Parker', 'mia.parker@example.com', '+1 (555) 789-0123', 'Pediatrics', 353601, '888 Birch Rd, City, State', 160.0),
    (1049, 3049, 'Dr. Jackson Evans', 'jackson.evans@example.com', '+1 (555) 234-5678', 'Neurology', 353701, '999 Oak Ln, City, State', 175.0),
    (1050, 3050, 'Dr. Amelia Murphy', 'amelia.murphy@example.com', '+1 (555) 567-8901', 'Ophthalmology', 353801, '101 Elm St, City, State', 190.0);

    





INSERT INTO doctor_login (doctor_id, user_name, password)
VALUES
    
    (1002, 'john_doe_doc', 'doctor123'),
    (1003, 'dr_smith', 'securepass'),
    (1004, 'doc_user123', 'testdoctor'),
    (1005, 'healthcare_doc', 'pass1234'),
    (1006, 'johndoe_doc', 'doctorpw'),
    (1007, 'example_doc', 'docpass4321'),
    (1008, 'demo_doctor', 'mydocpw'),
    (1009, 'doctor_test', 'testdoc123'),
    (1010, 'your_doc', 'doctors123'),
    (1011, 'drjane', 'drjane321'),
    (1012, 'medical_doc', 'meddoc123'),
    (1013, 'sample_doc', 'docsample1'),
    (1014, 'doc2', 'docletin12'),
    (1015, 'test_doctor', 'testdoc321'),
    (1016, 'login_doc', 'doclogin123'),
    (1017, 'docdemo', 'demodoc321'),
    (1018, 'doc_health', 'dochealth123'),
    (1019, 'secure_doc', 'secure123doc'),
    (1020, 'doc789', '98765doc'),
  
    (1021, 'drsmith', 'doctorpass'),
    (1022, 'doc_emily', 'doctor456'),
    (1023, 'dr_jackson', 'securepassdoc'),
    (1024, 'doc_mike', 'testdoc567'),
    (1025, 'healthdoc', 'passdoctor8'),
    (1026, 'johndoemed', 'doctorpass9'),
    (1027, 'dr_example', 'docpass789'),
    (1028, 'demo_doc2', 'mydocpassword'),
    (1029, 'doctor_test1', 'testdoc890'),
    (1030, 'yourdoctor', 'doctors234'),
    (1031, 'drjohnson', 'drjane432'),
    (1032, 'medicalstaff', 'meddoc321'),
    (1033, 'sample_doc1', 'docsample456'),
    (1034, 'doc3', 'docletin789'),
    (1035, 'testdoctor1', 'testdoc987'),
    (1036, 'logindoc', 'doclogin654'),
    (1037, 'docdemo1', 'demodoc789'),
    (1038, 'dochealth1', 'dochealth234'),
    (1039, 'secure_doc1', 'secure123doc'),
    (1040, 'doc111', '98765doc1'),
    (1041, 'drjoel', 'drjoel123'),
    (1042, 'doc_emma', 'doctoremma'),
    (1043, 'dr_smith1', 'smithdoc123'),
    (1044, 'doctormike', 'doctorpass'),
    (1045, 'healthcare_doc1', 'passdoc123'),
    (1046, 'johndoemd', 'doctorpass'),
    (1047, 'dr_example1', 'docpass456'),
    (1048, 'demo_doc3', 'mydocpassword'),
    (1049, 'doctor_test2', 'testdoc789'),
    (1050, 'yourdoctor1', 'doctors234');
     




INSERT INTO patient_login (patient_id, user_name, password)
VALUES
    (3001, 'patient1', 'pass123'),
    (3002, 'john_doe', 'abc456'),
    (3003, 'mary_smith', 'p@ssword'),
    (3004, 'user123', 'testpass'),
    (3005, 'healthcare21', 'securepw'),
    (3006, 'janedoe87', 'passw0rd'),
    (3007, 'exampleuser', 'pass4321'),
    (3008, 'demo_patient', 'mysecretpw'),
    (3009, 'patient_test', '1234test'),
    (3010, 'your_patient', 'p@ss123!'),
    (3011, 'user456', 'hellopass'),
    (3012, 'medicaluser', 'secure123'),
    (3013, 'sample_patient', 'password1'),
    (3014, 'patient2', 'letmein12'),
    (3015, 'test_patient', 'test1234'),
    (3016, 'login_user', 'changeme'),
    (3017, 'patientdemo', 'demo321'),
    (3018, 'health123', 'passtest'),
    (3019, 'securelogin', 'mypass123'),
    (3020, 'user789', '98765pass'),
 
    (3021, 'patient3', 'pass4321'),
    (3022, 'johndoe99', 'pass4567'),
    (3023, 'example123', 'mypassword'),
    (3024, 'test_user', 'testpass123'),
    (3025, 'healthcare22', 'securepw1'),
    (3026, 'janedoe88', 'passw0rd1'),
    (3027, 'exampleuser1', 'pass43212'),
    (3028, 'demo_patient1', 'mysecretpw1'),
    (3029, 'patient_test1', '1234test1'),
    (3030, 'your_patient1', 'p@ss123!1'),
    (3031, 'user457', 'hellopass1'),
    (3032, 'medicaluser1', 'secure1231'),
    (3033, 'sample_patient1', 'password11'),
    (3034, 'patient21', 'letmein121'),
    (3035, 'test_patient1', 'test12341'),
    (3036, 'login_user1', 'changeme1'),
    (3037, 'patientdemo1', 'demo3211'),
    (3038, 'health1231', 'passtest1'),
    (3039, 'securelogin1', 'mypass1231'),
    (3040, 'user790', '98765pass1'),
    (3041, 'patient4', 'pass4322'),
    (3042, 'johndoe100', 'pass4568'),
    (3043, 'example124', 'mypassword1'),
    (3044, 'test_user1', 'testpass124'),
    (3045, 'healthcare23', 'securepw12'),
    (3046, 'janedoe89', 'passw0rd12'),
    (3047, 'exampleuser12', 'pass432123'),
    (3048, 'demo_patient12', 'mysecretpw12'),
    (3049, 'patient_test12', '1234test12'),
    (3050, 'your_patient12', 'p@ss123!12'),
    (3051, 'user458', 'hellopass12'),
    (3052, 'medicaluser12', 'secure12312'),
    (3053, 'sample_patient12', 'password112'),
    (3054, 'patient22', 'letmein1212'),
    (3055, 'test_patient12', 'test123412'),
    (3056, 'login_user12', 'changeme12'),
    (3057, 'patientdemo12', 'demo32112'),
    (3058, 'health12312', 'passtest12'),
    (3059, 'securelogin12', 'mypass12312'),
    (3060, 'user791', '98765pass12'),
    (3061, 'patient5', 'pass4323'),
    (3062, 'johndoe101', 'pass4569'),
    (3063, 'example125', 'mypassword12'),
    (3064, 'test_user2', 'testpass125'),
    (3065, 'healthcare24', 'securepw123'),
    (3066, 'janedoe90', 'passw0rd123'),
    (3067, 'exampleuser123', 'pass4321231'),
    (3068, 'demo_patient123', 'mysecretpw123'),
    (3069, 'patient_test123', '1234test123'),
    (3070, 'your_patient123', 'p@ss123!123'),
    (3071, 'user459', 'hellopass123'),
    (3072, 'medicaluser123', 'secure123123'),
    (3073, 'sample_patient123', 'password1123'),
    (3074, 'patient23', 'letmein12123'),
    (3075, 'test_patient123', 'test1234123'),
    (3076, 'login_user123', 'changeme123'),
    (3077, 'patientdemo123', 'demo321123'),
    (3078, 'health123123', 'passtest123'),
    (3079, 'securelogin123', 'mypass123123'),
    (3080, 'user792', '98765pass123');



INSERT INTO medical_history (Medical_id, patient_id, Allergies, Active_status, Medical_Problems)
VALUES
    (201, 3001, 'Pollen', 'Active', 'Asthma'),
    (202, 3002, 'Penicillin', 'Inactive', 'Sinusitis'),
    (203, 3003, 'Dust', 'Active', 'Allergic Rhinitis'),
    (204, 3004, 'Nuts', 'Active', 'Food Allergies'),
    (205, 3005, 'Cats', 'Active', 'Asthma'),
    (206, 3006, 'Shellfish', 'Inactive', 'Food Allergies'),
    (207, 3007, 'Mold', 'Active', 'Allergic Rhinitis'),
    (208, 3008, 'Eggs', 'Active', 'Food Allergies'),
    (209, 3009, 'Dogs', 'Active', 'Asthma'),
    (210, 3010, 'Peanuts', 'Inactive', 'Food Allergies'),
    (211, 3011, 'Pollen', 'Active', 'Allergic Rhinitis'),
    (212, 3012, 'Wheat', 'Active', 'Food Allergies'),
    (213, 3013, 'Dust', 'Active', 'Asthma'),
    (214, 3014, 'Milk', 'Inactive', 'Food Allergies'),
    (215, 3015, 'Dogs', 'Active', 'Asthma'),
    (216, 3016, 'Soy', 'Active', 'Food Allergies'),
    (217, 3017, 'Mold', 'Active', 'Allergic Rhinitis'),
    (218, 3018, 'Fish', 'Active', 'Food Allergies'),
    (219, 3019, 'Cats', 'Active', 'Asthma'),
    (220, 3020, 'Shellfish', 'Inactive', 'Food Allergies'),
   
    (221, 3021, 'Pollen', 'Active', 'Asthma'),
    (222, 3022, 'Penicillin', 'Inactive', 'Sinusitis'),
    (223, 3023, 'Dust', 'Active', 'Allergic Rhinitis'),
    (224, 3024, 'Nuts', 'Active', 'Food Allergies'),
    (225, 3025, 'Cats', 'Active', 'Asthma'),
    (226, 3026, 'Shellfish', 'Inactive', 'Food Allergies'),
    (227, 3027, 'Mold', 'Active', 'Allergic Rhinitis'),
    (228, 3028, 'Eggs', 'Active', 'Food Allergies'),
    (229, 3029, 'Dogs', 'Active', 'Asthma'),
    (230, 3030, 'Peanuts', 'Inactive', 'Food Allergies'),
    (231, 3031, 'Pollen', 'Active', 'Allergic Rhinitis'),
    (232, 3032, 'Wheat', 'Active', 'Food Allergies'),
    (233, 3033, 'Dust', 'Active', 'Asthma'),
    (234, 3034, 'Milk', 'Inactive', 'Food Allergies'),
    (235, 3035, 'Dogs', 'Active', 'Asthma'),
    (236, 3036, 'Soy', 'Active', 'Food Allergies'),
    (237, 3037, 'Mold', 'Active', 'Allergic Rhinitis'),
    (238, 3038, 'Fish', 'Active', 'Food Allergies'),
    (239, 3039, 'Cats', 'Active', 'Asthma'),
    (240, 3040, 'Shellfish', 'Inactive', 'Food Allergies'),
    (241, 3041, 'Pollen', 'Active', 'Asthma'),
    (242, 3042, 'Penicillin', 'Inactive', 'Sinusitis'),
    (243, 3043, 'Dust', 'Active', 'Allergic Rhinitis'),
    (244, 3044, 'Nuts', 'Active', 'Food Allergies'),
    (245, 3045, 'Cats', 'Active', 'Asthma'),
    (246, 3046, 'Shellfish', 'Inactive', 'Food Allergies'),
    (247, 3047, 'Mold', 'Active', 'Allergic Rhinitis'),
    (248, 3048, 'Eggs', 'Active', 'Food Allergies'),
    (249, 3049, 'Dogs', 'Active', 'Asthma'),
    (250, 3050, 'Peanuts', 'Inactive', 'Food Allergies'),
    (251, 3051, 'Pollen', 'Active', 'Allergic Rhinitis'),
    (252, 3052, 'Wheat', 'Active', 'Food Allergies'),
    (253, 3053, 'Dust', 'Active', 'Asthma'),
    (254, 3054, 'Milk', 'Inactive', 'Food Allergies'),
    (255, 3055, 'Dogs', 'Active', 'Asthma'),
    (256, 3056, 'Soy', 'Active', 'Food Allergies'),
    (257, 3057, 'Mold', 'Active', 'Allergic Rhinitis'),
    (258, 3058, 'Fish', 'Active', 'Food Allergies'),
    (259, 3059, 'Cats', 'Active', 'Asthma'),
    (260, 3060, 'Shellfish', 'Inactive', 'Food Allergies'),
    (261, 3061, 'Pollen', 'Active', 'Asthma'),
    (262, 3062, 'Penicillin', 'Inactive', 'Sinusitis'),
    (263, 3063, 'Dust', 'Active', 'Allergic Rhinitis'),
    (264, 3064, 'Nuts', 'Active', 'Food Allergies'),
    (265, 3065, 'Cats', 'Active', 'Asthma'),
    (266, 3066, 'Shellfish', 'Inactive', 'Food Allergies'),
    (267, 3067, 'Mold', 'Active', 'Allergic Rhinitis'),
    (268, 3068, 'Eggs', 'Active', 'Food Allergies'),
    (269, 3069, 'Dogs', 'Active', 'Asthma'),
    (270, 3070, 'Peanuts', 'Inactive', 'Food Allergies'),
    (271, 3071, 'Pollen', 'Active', 'Allergic Rhinitis'),
    (272, 3072, 'Wheat', 'Active', 'Food Allergies'),
    (273, 3073, 'Dust', 'Active', 'Asthma'),
    (274, 3074, 'Milk', 'Inactive', 'Food Allergies'),
    (275, 3075, 'Dogs', 'Active', 'Asthma'),
    (276, 3076, 'Soy', 'Active', 'Food Allergies'),
    (277, 3077, 'Mold', 'Active', 'Allergic Rhinitis'),
    (278, 3078, 'Fish', 'Active', 'Food Allergies'),
    (279, 3079, 'Cats', 'Active', 'Asthma'),
    (280, 3080, 'Shellfish', 'Inactive', 'Food Allergies');



INSERT INTO symptom_details (symptom_id, patient_id, doctor_id, date, Reading, Symptom_name)
VALUES
    (1, 3001, 1001, '2023-07-26 10:00:00', 'Normal', 'Headache'),
    (2, 3002, 1002, '2023-07-26 11:30:00', 'High', 'Fever'),
    (3, 3003, 1003, '2023-07-26 12:15:00', 'Normal', 'Cough'),
    (4, 3004, 1004, '2023-07-26 14:45:00', 'Low', 'Fatigue'),
    (5, 3005, 1005, '2023-07-26 16:00:00', 'Normal', 'Sore Throat'),
    (6, 3006, 1006, '2023-07-26 09:20:00', 'Normal', 'Nausea'),
    (7, 3007, 1007, '2023-07-26 10:40:00', 'High', 'Dizziness'),
    (8, 3008, 1008, '2023-07-26 11:10:00', 'Normal', 'Shortness of Breath'),
    (9, 3009, 1009, '2023-07-26 12:30:00', 'Low', 'Back Pain'),
    (10, 3010, 1010, '2023-07-26 13:45:00', 'Normal', 'Stomachache'),
    (11, 3011, 1011, '2023-07-26 14:20:00', 'Normal', 'Joint Pain'),
    (12, 3012, 1012, '2023-07-26 16:30:00', 'Normal', 'Sneezing'),
    (13, 3013, 1013, '2023-07-26 09:50:00', 'Low', 'Chest Pain'),
    (14, 3014, 1014, '2023-07-26 10:15:00', 'Normal', 'Headache'),
    (15, 3015, 1015, '2023-07-26 11:55:00', 'Normal', 'Fever'),
    (16, 3016, 1016, '2023-07-26 12:40:00', 'Normal', 'Cough'),
    (17, 3017, 1017, '2023-07-26 14:00:00', 'High', 'Fatigue'),
    (18, 3018, 1018, '2023-07-26 16:20:00', 'Normal', 'Sore Throat'),
    (19, 3019, 1019, '2023-07-26 09:25:00', 'Normal', 'Nausea'),
    (20, 3020, 1020, '2023-07-26 10:50:00', 'Normal', 'Dizziness'),
 
    (21, 3021, 1021, '2023-07-26 09:40:00', 'Normal', 'Headache'),
    (22, 3022, 1022, '2023-07-26 11:10:00', 'High', 'Fever'),
    (23, 3023, 1023, '2023-07-26 12:30:00', 'Normal', 'Cough'),
    (24, 3024, 1024, '2023-07-26 14:50:00', 'Low', 'Fatigue'),
    (25, 3025, 1025, '2023-07-26 16:15:00', 'Normal', 'Sore Throat'),
    (26, 3026, 1026, '2023-07-26 09:15:00', 'Normal', 'Nausea'),
    (27, 3027, 1027, '2023-07-26 10:35:00', 'High', 'Dizziness'),
    (28, 3028, 1028, '2023-07-26 11:25:00', 'Normal', 'Shortness of Breath'),
    (29, 3029, 1029, '2023-07-26 12:40:00', 'Low', 'Back Pain'),
    (30, 3030, 1030, '2023-07-26 13:30:00', 'Normal', 'Stomachache'),
    (31, 3031, 1031, '2023-07-26 14:05:00', 'Normal', 'Joint Pain'),
    (32, 3032, 1032, '2023-07-26 16:25:00', 'Normal', 'Sneezing'),
    (33, 3033, 1033, '2023-07-26 09:55:00', 'Low', 'Chest Pain'),
    (34, 3034, 1034, '2023-07-26 10:10:00', 'Normal', 'Headache'),
    (35, 3035, 1035, '2023-07-26 11:45:00', 'Normal', 'Fever'),
    (36, 3036, 1036, '2023-07-26 12:50:00', 'Normal', 'Cough'),
    (37, 3037, 1037, '2023-07-26 14:20:00', 'High', 'Fatigue'),
    (38, 3038, 1038, '2023-07-26 16:35:00', 'Normal', 'Sore Throat'),
    (39, 3039, 1039, '2023-07-26 09:35:00', 'Normal', 'Nausea'),
    (40, 3040, 1040, '2023-07-26 10:55:00', 'Normal', 'Dizziness'),
    (41, 3041, 1041, '2023-07-26 09:15:00', 'Normal', 'Headache'),
    (42, 3042, 1042, '2023-07-26 11:40:00', 'High', 'Fever'),
    (43, 3043, 1043, '2023-07-26 12:10:00', 'Normal', 'Cough'),
    (44, 3044, 1044, '2023-07-26 14:30:00', 'Low', 'Fatigue'),
    (45, 3045, 1045, '2023-07-26 16:45:00', 'Normal', 'Sore Throat'),
    (46, 3046, 1046, '2023-07-26 09:30:00', 'Normal', 'Nausea'),
    (47, 3047, 1047, '2023-07-26 10:25:00', 'High', 'Dizziness'),
    (48, 3048, 1048, '2023-07-26 11:50:00', 'Normal', 'Shortness of Breath'),
    (49, 3049, 1049, '2023-07-26 12:20:00', 'Low', 'Back Pain'),
    (50, 3050, 1050, '2023-07-26 13:35:00', 'Normal', 'Stomachache'),
    (51, 3051,  1012, '2023-07-26 14:10:00', 'Normal', 'Joint Pain'),
    (52, 3052, 1012, '2023-07-26 16:40:00', 'Normal', 'Sneezing'),
    (53, 3053, 1023, '2023-07-26 09:45:00', 'Low', 'Chest Pain'),
    (54, 3054, 1034, '2023-07-26 10:30:00', 'Normal', 'Headache'),
    (55, 3055, 1045, '2023-07-26 11:15:00', 'Normal', 'Fever'),
    (56, 3056, 1026, '2023-07-26 12:25:00', 'Normal', 'Cough'),
    (57, 3057, 1013, '2023-07-26 14:15:00', 'High', 'Fatigue'),
    (58, 3058, 1014, '2023-07-26 16:10:00', 'Normal', 'Sore Throat'),
    (59, 3059, 1023, '2023-07-26 09:20:00', 'Normal', 'Nausea'),
    (60, 3060, 1020, '2023-07-26 10:20:00', 'Normal', 'Dizziness'),
    (61, 3061, 1021, '2023-07-26 09:25:00', 'Normal', 'Headache'),
    (62, 3062, 1032, '2023-07-26 11:20:00', 'High', 'Fever'),
    (63, 3063, 1043, '2023-07-26 12:05:00', 'Normal', 'Cough'),
    (64, 3064, 1044, '2023-07-26 14:35:00', 'Low', 'Fatigue'),
    (65, 3065, 1045, '2023-07-26 16:50:00', 'Normal', 'Sore Throat'),
    (66, 3066, 1016, '2023-07-26 09:55:00', 'Normal', 'Nausea'),
    (67, 3067, 1017, '2023-07-26 10:15:00', 'High', 'Dizziness'),
    (68, 3068, 1018, '2023-07-26 11:35:00', 'Normal', 'Shortness of Breath'),
    (69, 3069, 1029, '2023-07-26 12:50:00', 'Low', 'Back Pain'),
    (70, 3070, 1030, '2023-07-26 13:40:00', 'Normal', 'Stomachache'),
    (71, 3071, 1041, '2023-07-26 14:35:00', 'Normal', 'Joint Pain'),
    (72, 3072, 1012, '2023-07-26 16:45:00', 'Normal', 'Sneezing'),
    (73, 3073, 1033, '2023-07-26 09:45:00', 'Low', 'Chest Pain'),
    (74, 3074, 1044, '2023-07-26 10:05:00', 'Normal', 'Headache'),
    (75, 3075, 1015, '2023-07-26 11:55:00', 'Normal', 'Fever'),
    (76, 3076, 1016, '2023-07-26 12:45:00', 'Normal', 'Cough'),
    (77, 3077, 1037, '2023-07-26 14:15:00', 'High', 'Fatigue'),
    (78, 3078, 1028, '2023-07-26 16:55:00', 'Normal', 'Sore Throat'),
    (79, 3079, 1019, '2023-07-26 09:35:00', 'Normal', 'Nausea'),
    (80, 3080, 1020, '2023-07-26 10:25:00', 'Normal', 'Dizziness');




INSERT INTO appointment_history (Appointment_id, patient_id, doctor_id, time, treatment_prescription, doctor_name, confirmation_status)
VALUES
    (1, 3001, 1001, '2023-07-26 09:00:00', 'Medication for headache', 'Dr. John Smith', true),
    (2, 3002, 1002, '2023-07-26 10:30:00', 'Rest and fluids', 'Dr. Emily Johnson', true),
    (3, 3003, 1003, '2023-07-26 11:15:00', 'Cough syrup and throat lozenges', 'Dr. Michael Williams', true),
    (4, 3004, 1004, '2023-07-26 13:45:00', 'Rest and avoid nuts', 'Dr. Sophia Brown', true),
    (5, 3005, 1005, '2023-07-26 15:00:00', 'Antihistamines and inhaler', 'Dr. William Davis', true),
    (6, 3006, 1006, '2023-07-26 08:20:00', 'Allergy medication', 'Dr. Olivia Miller', true),
    (7, 3007, 1007, '2023-07-26 09:40:00', 'Ginger tea for nausea', 'Dr. James Wilson', true),
    (8, 3008, 1008, '2023-07-26 10:10:00', 'Breathing exercises', 'Dr. Isabella Garcia', true),
    (9, 3009, 1009, '2023-07-26 11:30:00', 'Heat packs and pain relief', 'Dr. Benjamin Martinez', true),
    (10, 3010, 1010, '2023-07-26 12:45:00', 'Antacids and rest', 'Dr. Emma Anderson', true),
    (11, 3011, 1011, '2023-07-26 13:20:00', 'Joint pain ointment', 'Dr. Alexander Clark', true),
    (12, 3012, 1012, '2023-07-26 15:30:00', 'Antihistamines and tissues', 'Dr. Mia Lee', true),
    (13, 3013, 1013, '2023-07-26 08:50:00', 'Chest pain evaluation', 'Dr. Ethan Hall', true),
    (14, 3014, 1014, '2023-07-26 09:15:00', 'Rest and eye drops', 'Dr. Ava Perez', true),
    (15, 3015, 1015, '2023-07-26 10:55:00', 'Fever medication', 'Dr. Lucas Rivera', true),
    (16, 3016, 1016, '2023-07-26 11:40:00', 'Cough syrup and throat lozenges', 'Dr. Mia Diaz', true),
    (17, 3017, 1017, '2023-07-26 13:00:00', 'Antihistamines and inhaler', 'Dr. Jackson Evans', true),
    (18, 3018, 1018, '2023-07-26 15:20:00', 'Sore throat lozenges', 'Dr. Amelia Murphy', true),
    (19, 3019, 1019, '2023-07-26 08:25:00', 'Antiemetic medication', 'Dr. Samuel Turner', true),
    (20, 3020, 1020, '2023-07-26 09:50:00', 'Antacids and rest', 'Dr. Mia Parker', true),
   
    (21, 3021, 1021, '2023-07-26 10:15:00', 'Medication for headache', 'Dr. John Smith', true),
    (22, 3022, 1022, '2023-07-26 11:45:00', 'Rest and fluids', 'Dr. Emily Johnson', true),
    (23, 3023, 1023, '2023-07-26 12:30:00', 'Cough syrup and throat lozenges', 'Dr. Michael Williams', true),
    (24, 3024, 1024, '2023-07-26 14:00:00', 'Rest and avoid nuts', 'Dr. Sophia Brown', true),
    (25, 3025, 1025, '2023-07-26 15:15:00', 'Antihistamines and inhaler', 'Dr. William Davis', true),
    (26, 3026, 1026, '2023-07-26 08:40:00', 'Allergy medication', 'Dr. Olivia Miller', true),
    (27, 3027, 1027, '2023-07-26 10:00:00', 'Ginger tea for nausea', 'Dr. James Wilson', true),
    (28, 3028, 1028, '2023-07-26 10:30:00', 'Breathing exercises', 'Dr. Isabella Garcia', true),
    (29, 3029, 1029, '2023-07-26 11:50:00', 'Heat packs and pain relief', 'Dr. Benjamin Martinez', true),
    (30, 3030, 1030, '2023-07-26 13:05:00', 'Antacids and rest', 'Dr. Emma Anderson', true),
    (31, 3031, 1031, '2023-07-26 13:40:00', 'Joint pain ointment', 'Dr. Alexander Clark', true),
    (32, 3032, 1032, '2023-07-26 15:45:00', 'Antihistamines and tissues', 'Dr. Mia Lee', true),
    (33, 3033, 1033, '2023-07-26 09:10:00', 'Chest pain evaluation', 'Dr. Ethan Hall', true),
    (34, 3034, 1034, '2023-07-26 09:35:00', 'Rest and eye drops', 'Dr. Ava Perez', true),
    (35, 3035, 1035, '2023-07-26 11:05:00', 'Fever medication', 'Dr. Lucas Rivera', true),
    (36, 3036, 1036, '2023-07-26 12:20:00', 'Cough syrup and throat lozenges', 'Dr. Mia Diaz', true),
    (37, 3037, 1037, '2023-07-26 13:40:00', 'Antihistamines and inhaler', 'Dr. Jackson Evans', true),
    (38, 3038, 1038, '2023-07-26 15:10:00', 'Sore throat lozenges', 'Dr. Amelia Murphy', true),
    (39, 3039, 1039, '2023-07-26 08:35:00', 'Antiemetic medication', 'Dr. Samuel Turner', true),
    (40, 3040, 1040, '2023-07-26 09:55:00', 'Antacids and rest', 'Dr. Mia Parker', true),
    (41, 3041, 1041, '2023-07-26 10:20:00', 'Medication for headache', 'Dr. John Smith', true),
    (42, 3042, 1042, '2023-07-26 11:50:00', 'Rest and fluids', 'Dr. Emily Johnson', true),
    (43, 3043, 1043, '2023-07-26 12:35:00', 'Cough syrup and throat lozenges', 'Dr. Michael Williams', true),
    (44, 3044, 1044, '2023-07-26 14:05:00', 'Rest and avoid nuts', 'Dr. Sophia Brown', true),
    (45, 3045, 1045, '2023-07-26 15:20:00', 'Antihistamines and inhaler', 'Dr. William Davis', true),
    (46, 3046, 1046, '2023-07-26 08:45:00', 'Allergy medication', 'Dr. Olivia Miller', true),
    (47, 3047, 1047, '2023-07-26 10:05:00', 'Ginger tea for nausea', 'Dr. James Wilson', true),
    (48, 3048, 1048, '2023-07-26 10:35:00', 'Breathing exercises', 'Dr. Isabella Garcia', true),
    (49, 3049, 1049, '2023-07-26 11:55:00', 'Heat packs and pain relief', 'Dr. Benjamin Martinez', true),
    (50, 3050, 1050, '2023-07-26 13:10:00', 'Antacids and rest', 'Dr. Emma Anderson', true),
    (51, 3051, 1001, '2023-07-26 13:45:00', 'Joint pain ointment', 'Dr. Alexander Clark', true),
    (52, 3052, 1002, '2023-07-26 15:50:00', 'Antihistamines and tissues', 'Dr. Mia Lee', true),
    (53, 3053, 1003, '2023-07-26 09:15:00', 'Chest pain evaluation', 'Dr. Ethan Hall', true),
    (54, 3054, 1004, '2023-07-26 09:40:00', 'Rest and eye drops', 'Dr. Ava Perez', true),
    (55, 3055, 1005, '2023-07-26 11:10:00', 'Fever medication', 'Dr. Lucas Rivera', true),
    (56, 3056, 1006, '2023-07-26 12:25:00', 'Cough syrup and throat lozenges', 'Dr. Mia Diaz', true),
    (57, 3057, 1007, '2023-07-26 13:45:00', 'Antihistamines and inhaler', 'Dr. Jackson Evans', true),
    (58, 3058, 1008, '2023-07-26 15:15:00', 'Sore throat lozenges', 'Dr. Amelia Murphy', true),
    (59, 3059, 1009, '2023-07-26 08:40:00', 'Antiemetic medication', 'Dr. Samuel Turner', true),
    (60, 3060, 1010, '2023-07-26 09:55:00', 'Antacids and rest', 'Dr. Mia Parker', true),
    (61, 3061, 1011, '2023-07-26 10:20:00', 'Medication for headache', 'Dr. John Smith', true),
    (62, 3062, 1012, '2023-07-26 11:50:00', 'Rest and fluids', 'Dr. Emily Johnson', true),
    (63, 3063, 1013, '2023-07-26 12:35:00', 'Cough syrup and throat lozenges', 'Dr. Michael Williams', true),
    (64, 3064, 1014, '2023-07-26 14:05:00', 'Rest and avoid nuts', 'Dr. Sophia Brown', true),
    (65, 3065, 1015, '2023-07-26 15:20:00', 'Antihistamines and inhaler', 'Dr. William Davis', true),
    (66, 3066, 1016, '2023-07-26 08:45:00', 'Allergy medication', 'Dr. Olivia Miller', true),
    (67, 3067, 1017, '2023-07-26 10:05:00', 'Ginger tea for nausea', 'Dr. James Wilson', true),
    (68, 3068, 1018, '2023-07-26 10:35:00', 'Breathing exercises', 'Dr. Isabella Garcia', true),
    (69, 3069, 1019, '2023-07-26 11:55:00', 'Heat packs and pain relief', 'Dr. Benjamin Martinez', true),
    (70, 3070, 1020, '2023-07-26 13:10:00', 'Antacids and rest', 'Dr. Emma Anderson', true),
    (71, 3071, 1021, '2023-07-26 13:45:00', 'Joint pain ointment', 'Dr. Alexander Clark', true),
    (72, 3072, 1022, '2023-07-26 15:50:00', 'Antihistamines and tissues', 'Dr. Mia Lee', true),
    (73, 3073, 1023, '2023-07-26 09:15:00', 'Chest pain evaluation', 'Dr. Ethan Hall', true),
    (74, 3074, 1024, '2023-07-26 09:40:00', 'Rest and eye drops', 'Dr. Ava Perez', true),
    (75, 3075, 1025, '2023-07-26 11:10:00', 'Fever medication', 'Dr. Lucas Rivera', true),
    (76, 3076, 1026, '2023-07-26 12:25:00', 'Cough syrup and throat lozenges', 'Dr. Mia Diaz', true),
    (77, 3077, 1027, '2023-07-26 13:45:00', 'Antihistamines and inhaler', 'Dr. Jackson Evans', true),
    (78, 3078, 1028, '2023-07-26 15:15:00', 'Sore throat lozenges', 'Dr. Amelia Murphy', true),
    (79, 3079, 1029, '2023-07-26 08:40:00', 'Antiemetic medication', 'Dr. Samuel Turner', true),
    (80, 3080, 1030, '2023-07-26 09:55:00', 'Antacids and rest', 'Dr. Mia Parker', true),
    (81, 3081, 1031, '2023-07-26 10:20:00', 'Medication for headache', 'Dr. John Smith', true),
    (82, 3082, 1032, '2023-07-26 11:50:00', 'Rest and fluids', 'Dr. Emily Johnson', true),
    (83, 3083, 1033, '2023-07-26 12:35:00', 'Cough syrup and throat lozenges', 'Dr. Michael Williams', true),
    (84, 3084, 1034, '2023-07-26 14:05:00', 'Rest and avoid nuts', 'Dr. Sophia Brown', true),
    (85, 3085, 1035, '2023-07-26 15:20:00', 'Antihistamines and inhaler', 'Dr. William Davis', true),
    (86, 3086, 1036, '2023-07-26 08:45:00', 'Allergy medication', 'Dr. Olivia Miller', true),
    (87, 3087, 1037, '2023-07-26 10:05:00', 'Ginger tea for nausea', 'Dr. James Wilson', true),
    (88, 3088, 1038, '2023-07-26 10:35:00', 'Breathing exercises', 'Dr. Isabella Garcia', true),
    (89, 3089, 1039, '2023-07-26 11:55:00', 'Heat packs and pain relief', 'Dr. Benjamin Martinez', true),
    (90, 3090, 1040, '2023-07-26 13:10:00', 'Antacids and rest', 'Dr. Emma Anderson', true);




INSERT INTO report (report_id, patient_id, doctor_id, report_name, report_date, report_description, affected_area, impression, clinic_information)
VALUES
    (1, 3001, 1001, 'MRI Report', '2023-07-15', 'MRI report of the brain', 'Brain', 'Normal brain activity', 'XYZ Clinic, City, State'),
    (2, 3002, 1002, 'Blood Test Report', '2023-07-16', 'Complete blood count report', 'Blood', 'Mild anemia detected', 'ABC Hospital, City, State'),
    (3, 3003, 1003, 'X-Ray Report', '2023-07-17', 'X-ray report of the chest', 'Chest', 'No abnormalities found', 'DEF Medical Center, City, State'),
    (4, 3004, 1004, 'Ultrasound Report', '2023-07-18', 'Ultrasound report of the abdomen', 'Abdomen', 'Gallstones detected', 'GHI Clinic, City, State'),
    (5, 3005, 1005, 'CT Scan Report', '2023-07-19', 'CT scan report of the head', 'Head', 'No intracranial abnormalities found', 'JKL Hospital, City, State'),
    (6, 3006, 1006, 'MRI Report', '2023-07-20', 'MRI report of the spine', 'Spine', 'Mild disc herniation at L4-L5', 'MNO Medical Center, City, State'),
    (7, 3007, 1007, 'Blood Test Report', '2023-07-21', 'Complete blood count report', 'Blood', 'Normal blood cell counts', 'PQR Clinic, City, State'),
    (8, 3008, 1008, 'X-Ray Report', '2023-07-22', 'X-ray report of the arm', 'Arm', 'Fracture detected in the right radius', 'STU Hospital, City, State'),
    (9, 3009, 1009, 'Ultrasound Report', '2023-07-23', 'Ultrasound report of the kidney', 'Kidney', 'Normal kidney structure and size', 'VWX Medical Center, City, State'),
    (10, 3010, 1010, 'CT Scan Report', '2023-07-24', 'CT scan report of the chest', 'Chest', 'Nodule detected in the lung', 'YZA Clinic, City, State'),
    (11, 3011, 1011, 'MRI Report', '2023-07-25', 'MRI report of the knee', 'Knee', 'Mild osteoarthritis observed', 'BCD Hospital, City, State'),
    (12, 3012, 1012, 'Blood Test Report', '2023-07-26', 'Complete blood count report', 'Blood', 'Normal blood cell counts', 'EFG Medical Center, City, State'),
    (13, 3013, 1013, 'X-Ray Report', '2023-07-27', 'X-ray report of the spine', 'Spine', 'Mild scoliosis detected', 'HIJ Clinic, City, State'),
    (14, 3014, 1014, 'Ultrasound Report', '2023-07-28', 'Ultrasound report of the liver', 'Liver', 'Normal liver size and structure', 'KLM Hospital, City, State'),
    (15, 3015, 1015, 'CT Scan Report', '2023-07-29', 'CT scan report of the head', 'Head', 'No intracranial abnormalities found', 'NOP Medical Center, City, State'),
    (16, 3016, 1016, 'MRI Report', '2023-07-30', 'MRI report of the shoulder', 'Shoulder', 'Rotator cuff tear detected', 'QRS Clinic, City, State'),
    (17, 3017, 1017, 'Blood Test Report', '2023-07-31', 'Complete blood count report', 'Blood', 'Mild iron deficiency anemia detected', 'TUV Hospital, City, State'),
    (18, 3018, 1018, 'X-Ray Report', '2023-08-01', 'X-ray report of the chest', 'Chest', 'No abnormalities found', 'VWX Medical Center, City, State'),
    (19, 3019, 1019, 'Ultrasound Report', '2023-08-02', 'Ultrasound report of the abdomen', 'Abdomen', 'Gallstones detected', 'YZA Clinic, City, State'),
    (20, 3020, 1020, 'CT Scan Report', '2023-08-03', 'CT scan report of the head', 'Head', 'No intracranial abnormalities found', 'BCD Hospital, City, State'),
   
    (21, 3021, 1021, 'MRI Report', '2023-08-04', 'MRI report of the brain', 'Brain', 'Normal brain activity', 'XYZ Clinic, City, State'),
    (22, 3022, 1022, 'Blood Test Report', '2023-08-05', 'Complete blood count report', 'Blood', 'Mild anemia detected', 'ABC Hospital, City, State'),
    (23, 3023, 1023, 'X-Ray Report', '2023-08-06', 'X-ray report of the chest', 'Chest', 'No abnormalities found', 'DEF Medical Center, City, State'),
    (24, 3024, 1024, 'Ultrasound Report', '2023-08-07', 'Ultrasound report of the abdomen', 'Abdomen', 'Gallstones detected', 'GHI Clinic, City, State'),
    (25, 3025, 1025, 'CT Scan Report', '2023-08-08', 'CT scan report of the head', 'Head', 'No intracranial abnormalities found', 'JKL Hospital, City, State'),
    (26, 3026, 1026, 'MRI Report', '2023-08-09', 'MRI report of the spine', 'Spine', 'Mild disc herniation at L4-L5', 'MNO Medical Center, City, State'),
    (27, 3027, 1027, 'Blood Test Report', '2023-08-10', 'Complete blood count report', 'Blood', 'Normal blood cell counts', 'PQR Clinic, City, State'),
    (28, 3028, 1028, 'X-Ray Report', '2023-08-11', 'X-ray report of the arm', 'Arm', 'Fracture detected in the right radius', 'STU Hospital, City, State'),
    (29, 3029, 1029, 'Ultrasound Report', '2023-08-12', 'Ultrasound report of the kidney', 'Kidney', 'Normal kidney structure and size', 'VWX Medical Center, City, State'),
    (30, 3030, 1030, 'CT Scan Report', '2023-08-13', 'CT scan report of the chest', 'Chest', 'Nodule detected in the lung', 'YZA Clinic, City, State'),
    (31, 3031, 1031, 'MRI Report', '2023-08-14', 'MRI report of the knee', 'Knee', 'Mild osteoarthritis observed', 'BCD Hospital, City, State'),
    (32, 3032, 1032, 'Blood Test Report', '2023-08-15', 'Complete blood count report', 'Blood', 'Normal blood cell counts', 'EFG Medical Center, City, State'),
    (33, 3033, 1033, 'X-Ray Report', '2023-08-16', 'X-ray report of the spine', 'Spine', 'Mild scoliosis detected', 'HIJ Clinic, City, State'),
    (34, 3034, 1034, 'Ultrasound Report', '2023-08-17', 'Ultrasound report of the liver', 'Liver', 'Normal liver size and structure', 'KLM Hospital, City, State'),
    (35, 3035, 1035, 'CT Scan Report', '2023-08-18', 'CT scan report of the head', 'Head', 'No intracranial abnormalities found', 'NOP Medical Center, City, State'),
    (36, 3036, 1036, 'MRI Report', '2023-08-19', 'MRI report of the shoulder', 'Shoulder', 'Rotator cuff tear detected', 'QRS Clinic, City, State'),
    (37, 3037, 1037, 'Blood Test Report', '2023-08-20', 'Complete blood count report', 'Blood', 'Mild iron deficiency anemia detected', 'TUV Hospital, City, State'),
    (38, 3038, 1038, 'X-Ray Report', '2023-08-21', 'X-ray report of the chest', 'Chest', 'No abnormalities found', 'VWX Medical Center, City, State'),
    (39, 3039, 1039, 'Ultrasound Report', '2023-08-22', 'Ultrasound report of the abdomen', 'Abdomen', 'Gallstones detected', 'YZA Clinic, City, State'),
    (40, 3040, 1040, 'CT Scan Report', '2023-08-23', 'CT scan report of the head', 'Head', 'No intracranial abnormalities found', 'BCD Hospital, City, State'),
    (41, 3041, 1041, 'MRI Report', '2023-08-24', 'MRI report of the brain', 'Brain', 'Normal brain activity', 'XYZ Clinic, City, State'),
    (42, 3042, 1042, 'Blood Test Report', '2023-08-25', 'Complete blood count report', 'Blood', 'Mild anemia detected', 'ABC Hospital, City, State'),
    (43, 3043, 1043, 'X-Ray Report', '2023-08-26', 'X-ray report of the chest', 'Chest', 'No abnormalities found', 'DEF Medical Center, City, State'),
    (44, 3044, 1044, 'Ultrasound Report', '2023-08-27', 'Ultrasound report of the abdomen', 'Abdomen', 'Gallstones detected', 'GHI Clinic, City, State'),
    (45, 3045, 1045, 'CT Scan Report', '2023-08-28', 'CT scan report of the head', 'Head', 'No intracranial abnormalities found', 'JKL Hospital, City, State'),
    (46, 3046, 1046, 'MRI Report', '2023-08-29', 'MRI report of the spine', 'Spine', 'Mild disc herniation at L4-L5', 'MNO Medical Center, City, State'),
    (47, 3047, 1047, 'Blood Test Report', '2023-08-30', 'Complete blood count report', 'Blood', 'Normal blood cell counts', 'PQR Clinic, City, State'),
    (48, 3048, 1048, 'X-Ray Report', '2023-08-31', 'X-ray report of the arm', 'Arm', 'Fracture detected in the right radius', 'STU Hospital, City, State'),
    (49, 3049, 1049, 'Ultrasound Report', '2023-09-01', 'Ultrasound report of the kidney', 'Kidney', 'Normal kidney structure and size', 'VWX Medical Center, City, State'),
    (50, 3050, 1050, 'CT Scan Report', '2023-09-02', 'CT scan report of the chest', 'Chest', 'Nodule detected in the lung', 'YZA Clinic, City, State'),
    (51, 3051, 1001, 'MRI Report', '2023-09-03', 'MRI report of the knee', 'Knee', 'Mild osteoarthritis observed', 'BCD Hospital, City, State'),
    (52, 3052, 1002, 'Blood Test Report', '2023-09-04', 'Complete blood count report', 'Blood', 'Normal blood cell counts', 'EFG Medical Center, City, State'),
    (53, 3053, 1003, 'X-Ray Report', '2023-09-05', 'X-ray report of the spine', 'Spine', 'Mild scoliosis detected', 'HIJ Clinic, City, State'),
    (54, 3054, 1004, 'Ultrasound Report', '2023-09-06', 'Ultrasound report of the liver', 'Liver', 'Normal liver size and structure', 'KLM Hospital, City, State'),
    (55, 3055, 1005, 'CT Scan Report', '2023-09-07', 'CT scan report of the head', 'Head', 'No intracranial abnormalities found', 'NOP Medical Center, City, State'),
    (56, 3056, 1006, 'MRI Report', '2023-09-08', 'MRI report of the shoulder', 'Shoulder', 'Rotator cuff tear detected', 'QRS Clinic, City, State'),
    (57, 3057, 1007, 'Blood Test Report', '2023-09-09', 'Complete blood count report', 'Blood', 'Mild iron deficiency anemia detected', 'TUV Hospital, City, State'),
    (58, 3058, 1008, 'X-Ray Report', '2023-09-10', 'X-ray report of the chest', 'Chest', 'No abnormalities found', 'VWX Medical Center, City, State'),
    (59, 3059, 1009, 'Ultrasound Report', '2023-09-11', 'Ultrasound report of the abdomen', 'Abdomen', 'Gallstones detected', 'YZA Clinic, City, State'),
    (60, 3060, 1010, 'CT Scan Report', '2023-09-12', 'CT scan report of the head', 'Head', 'No intracranial abnormalities found', 'BCD Hospital, City, State'),
    (61, 3061, 1011, 'MRI Report', '2023-09-13', 'MRI report of the brain', 'Brain', 'Normal brain activity', 'XYZ Clinic, City, State'),
    (62, 3062, 1012, 'Blood Test Report', '2023-09-14', 'Complete blood count report', 'Blood', 'Mild anemia detected', 'ABC Hospital, City, State'),
    (63, 3063, 1013, 'X-Ray Report', '2023-09-15', 'X-ray report of the chest', 'Chest', 'No abnormalities found', 'DEF Medical Center, City, State'),
    (64, 3064, 1014, 'Ultrasound Report', '2023-09-16', 'Ultrasound report of the abdomen', 'Abdomen', 'Gallstones detected', 'GHI Clinic, City, State'),
    (65, 3065, 1015, 'CT Scan Report', '2023-09-17', 'CT scan report of the head', 'Head', 'No intracranial abnormalities found', 'JKL Hospital, City, State'),
    (66, 3066, 1016, 'MRI Report', '2023-09-18', 'MRI report of the spine', 'Spine', 'Mild disc herniation at L4-L5', 'MNO Medical Center, City, State'),
    (67, 3067, 1017, 'Blood Test Report', '2023-09-19', 'Complete blood count report', 'Blood', 'Normal blood cell counts', 'PQR Clinic, City, State'),
    (68, 3068, 1018, 'X-Ray Report', '2023-09-20', 'X-ray report of the arm', 'Arm', 'Fracture detected in the right radius', 'STU Hospital, City, State'),
    (69, 3069, 1019, 'Ultrasound Report', '2023-09-21', 'Ultrasound report of the kidney', 'Kidney', 'Normal kidney structure and size', 'VWX Medical Center, City, State'),
    (70, 3070, 1020, 'CT Scan Report', '2023-09-22', 'CT scan report of the chest', 'Chest', 'Nodule detected in the lung', 'YZA Clinic, City, State');




INSERT INTO medication (medication_id, doctor_id, patient_id, medication_code, date, medication_name, dosage, side_effects, Expiry_date, frequency)
VALUES
    (1, 1001, 3001, 12345, '2023-07-26', 'Paracetamol', '500mg', 'Nausea, Headache', '2024-07-31', 'Once a day'),
    (2, 1002, 3002, 56789, '2023-07-27', 'Amoxicillin', '250mg', 'Diarrhea, Rash', '2024-08-01', 'Twice a day'),
    (3, 1003, 3003, 98765, '2023-07-28', 'Loratadine', '10mg', 'Dry mouth, Drowsiness', '2024-08-02', 'Once a day'),
    (4, 1004, 3004, 54321, '2023-07-29', 'Esomeprazole', '40mg', 'Nausea, Abdominal pain', '2024-08-03', 'Once a day'),
    (5, 1005, 3005, 67890, '2023-07-30', 'Albuterol', '2mg', 'Tremors, Headache', '2024-08-04', 'Twice a day'),
    (6, 1006, 3006, 19283, '2023-07-31', 'Omeprazole', '20mg', 'Abdominal pain, Constipation', '2024-08-05', 'Once a day'),
    (7, 1007, 3007, 38492, '2023-08-01', 'Diphenhydramine', '25mg', 'Drowsiness, Dry mouth', '2024-08-06', 'Twice a day'),
    (8, 1008, 3008, 20193, '2023-08-02', 'Ibuprofen', '400mg', 'Nausea, Dizziness', '2024-08-07', 'Three times a day'),
    (9, 1009, 3009, 67345, '2023-08-03', 'Naproxen', '500mg', 'Heartburn, Headache', '2024-08-08', 'Twice a day'),
    (10, 1010, 3010, 84756, '2023-08-04', 'Cetirizine', '10mg', 'Dry mouth, Drowsiness', '2024-08-09', 'Once a day'),
    (11, 1011, 3011, 93847, '2023-08-05', 'Simvastatin', '20mg', 'Muscle pain, Nausea', '2024-08-10', 'Once a day'),
    (12, 1012, 3012, 74859, '2023-08-06', 'Losartan', '50mg', 'Dizziness, Fatigue', '2024-08-11', 'Once a day'),
    (13, 1013, 3013, 38475, '2023-08-07', 'Metformin', '500mg', 'Abdominal discomfort, Diarrhea', '2024-08-12', 'Twice a day'),
    (14, 1014, 3014, 10293, '2023-08-08', 'Aspirin', '81mg', 'Upset stomach, Heartburn', '2024-08-13', 'Once a day'),
    (15, 1015, 3015, 74653, '2023-08-09', 'Atorvastatin', '40mg', 'Muscle pain, Nausea', '2024-08-14', 'Once a day'),
    (16, 1016, 3016, 39475, '2023-08-10', 'Metoprolol', '25mg', 'Dizziness, Fatigue', '2024-08-15', 'Twice a day'),
    (17, 1017, 3017, 67384, '2023-08-11', 'Prednisone', '5mg', 'Insomnia, Increased appetite', '2024-08-16', 'Once a day'),
    (18, 1018, 3018, 83746, '2023-08-12', 'Diazepam', '2mg', 'Drowsiness, Dizziness', '2024-08-17', 'Three times a day'),
    (19, 1019, 3019, 94736, '2023-08-13', 'Gabapentin', '300mg', 'Drowsiness, Fatigue', '2024-08-18', 'Twice a day'),
 
    (21, 1021, 3021, 10293, '2023-08-15', 'Ibuprofen', '200mg', 'Nausea, Dizziness', '2024-08-19', 'Once a day'),
    (22, 1022, 3022, 84756, '2023-08-16', 'Loratadine', '5mg', 'Dry mouth, Drowsiness', '2024-08-20', 'Once a day'),
    (23, 1023, 3023, 93847, '2023-08-17', 'Naproxen', '250mg', 'Heartburn, Headache', '2024-08-21', 'Twice a day'),
    (24, 1024, 3024, 74859, '2023-08-18', 'Paracetamol', '650mg', 'Nausea, Headache', '2024-08-22', 'Once a day'),
    (25, 1025, 3025, 38475, '2023-08-19', 'Simvastatin', '10mg', 'Muscle pain, Nausea', '2024-08-23', 'Once a day'),
    (26, 1026, 3026, 20193, '2023-08-20', 'Diphenhydramine', '50mg', 'Drowsiness, Dry mouth', '2024-08-24', 'Twice a day'),
    (27, 1027, 3027, 67345, '2023-08-21', 'Albuterol', '4mg', 'Tremors, Headache', '2024-08-25', 'Twice a day'),
    (28, 1028, 3028, 56789, '2023-08-22', 'Omeprazole', '40mg', 'Abdominal pain, Constipation', '2024-08-26', 'Once a day'),
    (29, 1029, 3029, 19283, '2023-08-23', 'Metoprolol', '50mg', 'Dizziness, Fatigue', '2024-08-27', 'Twice a day'),
    (30, 1030, 3030, 67384, '2023-08-24', 'Gabapentin', '600mg', 'Drowsiness, Fatigue', '2024-08-28', 'Twice a day'),
    (31, 1031, 3031, 39475, '2023-08-25', 'Atorvastatin', '80mg', 'Muscle pain, Nausea', '2024-08-29', 'Once a day'),
    (32, 1032, 3032, 84756, '2023-08-26', 'Diazepam', '5mg', 'Drowsiness, Dizziness', '2024-08-30', 'Three times a day'),
    (33, 1033, 3033, 10293, '2023-08-27', 'Cetirizine', '20mg', 'Dry mouth, Drowsiness', '2024-08-31', 'Once a day'),
    (34, 1034, 3034, 93847, '2023-08-28', 'Esomeprazole', '20mg', 'Nausea, Abdominal pain', '2024-09-01', 'Once a day'),
    (35, 1035, 3035, 74859, '2023-08-29', 'Prednisone', '10mg', 'Insomnia, Increased appetite', '2024-09-02', 'Once a day'),
    (36, 1036, 3036, 38475, '2023-08-30', 'Metformin', '1000mg', 'Abdominal discomfort, Diarrhea', '2024-09-03', 'Twice a day'),
    (37, 1037, 3037, 67384, '2023-08-31', 'Aspirin', '100mg', 'Upset stomach, Heartburn', '2024-09-04', 'Once a day'),
    (38, 1038, 3038, 10293, '2023-09-01', 'Losartan', '100mg', 'Dizziness, Fatigue', '2024-09-05', 'Once a day'),
    (39, 1039, 3039, 84756, '2023-09-02', 'Naproxen', '375mg', 'Heartburn, Headache', '2024-09-06', 'Twice a day'),
    (40, 1040, 3040, 93847, '2023-09-03', 'Ibuprofen', '600mg', 'Nausea, Dizziness', '2024-09-07', 'Three times a day'),
 
    (41, 1041, 3041, 84756, '2023-09-04', 'Loratadine', '10mg', 'Dry mouth, Drowsiness', '2024-09-08', 'Once a day'),
    (42, 1042, 3042, 93847, '2023-09-05', 'Naproxen', '500mg', 'Heartburn, Headache', '2024-09-09', 'Twice a day'),
    (43, 1043, 3043, 74859, '2023-09-06', 'Paracetamol', '500mg', 'Nausea, Headache', '2024-09-10', 'Once a day'),
    (44, 1044, 3044, 38475, '2023-09-07', 'Simvastatin', '20mg', 'Muscle pain, Nausea', '2024-09-11', 'Once a day'),
    (45, 1045, 3045, 20193, '2023-09-08', 'Diphenhydramine', '25mg', 'Drowsiness, Dry mouth', '2024-09-12', 'Twice a day'),
    (46, 1046, 3046, 67345, '2023-09-09', 'Albuterol', '2mg', 'Tremors, Headache', '2024-09-13', 'Twice a day'),
    (47, 1047, 3047, 56789, '2023-09-10', 'Omeprazole', '40mg', 'Abdominal pain, Constipation', '2024-09-14', 'Once a day'),
    (48, 1048, 3048, 19283, '2023-09-11', 'Metoprolol', '50mg', 'Dizziness, Fatigue', '2024-09-15', 'Twice a day'),
    (49, 1049, 3049, 67384, '2023-09-12', 'Gabapentin', '300mg', 'Drowsiness, Fatigue', '2024-09-16', 'Twice a day'),
    (50, 1050, 3050, 39475, '2023-09-13', 'Atorvastatin', '40mg', 'Muscle pain, Nausea', '2024-09-17', 'Once a day'),
    (51, 1011, 3051, 10293, '2023-09-14', 'Diazepam', '2mg', 'Drowsiness, Dizziness', '2024-09-18', 'Three times a day'),
    (52, 1012, 3052, 84756, '2023-09-15', 'Cetirizine', '10mg', 'Dry mouth, Drowsiness', '2024-09-19', 'Once a day'),
    (53, 1023, 3053, 93847, '2023-09-16', 'Esomeprazole', '20mg', 'Nausea, Abdominal pain', '2024-09-20', 'Once a day'),
    (54, 1044, 3054, 74859, '2023-09-17', 'Prednisone', '5mg', 'Insomnia, Increased appetite', '2024-09-21', 'Once a day'),
    (55, 1025, 3055, 38475, '2023-09-18', 'Metformin', '500mg', 'Abdominal discomfort, Diarrhea', '2024-09-22', 'Twice a day'),
    (56, 1036, 3056, 67384, '2023-09-19', 'Aspirin', '81mg', 'Upset stomach, Heartburn', '2024-09-23', 'Once a day'),
    (57, 1047, 3057, 10293, '2023-09-20', 'Losartan', '50mg', 'Dizziness, Fatigue', '2024-09-24', 'Once a day'),
    (58, 1028, 3058, 84756, '2023-09-21', 'Naproxen', '500mg', 'Heartburn, Headache', '2024-09-25', 'Twice a day'),
    (59, 1019, 3059, 93847, '2023-09-22', 'Ibuprofen', '200mg', 'Nausea, Dizziness', '2024-09-26', 'Once a day'),
    (61, 1020, 3060, 10293, '2023-09-23', 'Loratadine', '5mg', 'Dry mouth, Drowsiness', '2024-09-27', 'Once a day');



INSERT INTO chat_history (chat_id, Patient_id, Doctor_id, Chat_status, Chat_mode, Date)
VALUES
    (1, 3001, 1001, true, 'Text', '2023-07-26 09:30:00'),
    (2, 3002, 1002, true, 'Video', '2023-07-26 10:45:00'),
    (3, 3003, 1003, true, 'Audio', '2023-07-26 11:15:00'),
    (4, 3004, 1004, true, 'Text', '2023-07-26 12:30:00'),
    (5, 3005, 1005, true, 'Video', '2023-07-26 14:00:00'),
    (6, 3006, 1006, true, 'Text', '2023-07-26 15:20:00'),
    (7, 3007, 1007, true, 'Audio', '2023-07-26 16:45:00'),
    (8, 3008, 1008, true, 'Text', '2023-07-27 09:10:00'),
    (9, 3009, 1009, true, 'Video', '2023-07-27 10:35:00'),
    (10, 3010, 1010, true, 'Audio', '2023-07-27 11:55:00'),
    (11, 3011, 1011, true, 'Text', '2023-07-27 12:40:00'),
    (12, 3012, 1012, true, 'Video', '2023-07-27 14:15:00'),
    (13, 3013, 1013, true, 'Text', '2023-07-27 15:40:00'),
    (14, 3014, 1014, true, 'Audio', '2023-07-27 16:25:00'),
    (15, 3015, 1015, true, 'Text', '2023-07-28 09:50:00'),
    (16, 3016, 1016, true, 'Video', '2023-07-28 11:10:00'),
    (17, 3017, 1017, true, 'Text', '2023-07-28 12:35:00'),
    (18, 3018, 1018, true, 'Audio', '2023-07-28 14:00:00'),
    (19, 3019, 1019, true, 'Text', '2023-07-28 15:20:00'),
    (20, 3020, 1020, true, 'Video', '2023-07-28 16:45:00'),
    (21, 3021, 1021, true, 'Text', '2023-07-29 09:30:00'),
    (22, 3022, 1022, true, 'Audio', '2023-07-29 10:55:00'),
    (23, 3023, 1023, true, 'Text', '2023-07-29 12:10:00'),
    (24, 3024, 1024, true, 'Video', '2023-07-29 13:40:00'),
    (25, 3025, 1025, true, 'Text', '2023-07-29 14:50:00'),
    (26, 3026, 1026, true, 'Audio', '2023-07-29 16:15:00'),
    (27, 3027, 1027, true, 'Text', '2023-07-30 09:20:00'),
    (28, 3028, 1028, true, 'Video', '2023-07-30 10:40:00'),
    (29, 3029, 1029, true, 'Text', '2023-07-30 12:00:00'),
    (30, 3030, 1030, true, 'Audio', '2023-07-30 13:25:00'),
   
    (31, 3031, 1031, true, 'Text', '2023-07-30 14:50:00'),
    (32, 3032, 1032, true, 'Video', '2023-07-30 16:15:00'),
    (33, 3033, 1033, true, 'Text', '2023-07-31 09:30:00'),
    (34, 3034, 1034, true, 'Audio', '2023-07-31 10:55:00'),
    (35, 3035, 1035, true, 'Text', '2023-07-31 12:10:00'),
    (36, 3036, 1036, true, 'Video', '2023-07-31 13:40:00'),
    (37, 3037, 1037, true, 'Text', '2023-07-31 14:50:00'),
    (38, 3038, 1038, true, 'Audio', '2023-07-31 16:15:00'),
    (39, 3039, 1039, true, 'Text', '2023-08-01 09:20:00'),
    (40, 3040, 1040, true, 'Video', '2023-08-01 10:40:00'),
    (41, 3041, 1041, true, 'Text', '2023-08-01 12:00:00'),
    (42, 3042, 1042, true, 'Audio', '2023-08-01 13:25:00'),
    (43, 3043, 1043, true, 'Text', '2023-08-01 14:50:00'),
    (44, 3044, 1044, true, 'Video', '2023-08-01 16:15:00'),
    (45, 3045, 1045, true, 'Text', '2023-08-02 09:30:00'),
    (46, 3046, 1046, true, 'Audio', '2023-08-02 10:55:00'),
    (47, 3047, 1047, true, 'Text', '2023-08-02 12:10:00'),
    (48, 3048, 1048, true, 'Video', '2023-08-02 13:40:00'),
    (49, 3049, 1049, true, 'Text', '2023-08-02 14:50:00'),
    (50, 3050, 1050, true, 'Audio', '2023-08-02 16:15:00'),
    (51, 3051, 1001, true, 'Text', '2023-08-03 09:20:00'),
    (52, 3052, 1002, true, 'Video', '2023-08-03 10:40:00'),
    (53, 3053, 1003, true, 'Text', '2023-08-03 12:00:00'),
    (54, 3054, 1004, true, 'Audio', '2023-08-03 13:25:00'),
    (55, 3055, 1005, true, 'Text', '2023-08-03 14:50:00'),
    (56, 3056, 1006, true, 'Video', '2023-08-03 16:15:00'),
    (57, 3057, 1007, true, 'Text', '2023-08-04 09:30:00'),
    (58, 3058, 1008, true, 'Audio', '2023-08-04 10:55:00'),
    (59, 3059, 1009, true, 'Text', '2023-08-04 12:10:00'),
    (60, 3060, 1010, true, 'Video', '2023-08-04 13:40:00'),
    (61, 3061, 1011, true, 'Text', '2023-08-04 14:50:00'),
    (62, 3062, 1012, true, 'Audio', '2023-08-04 16:15:00'),
    (63, 3063, 1013, true, 'Text', '2023-08-05 09:20:00'),
    (64, 3064, 1014, true, 'Video', '2023-08-05 10:40:00'),
    (65, 3065, 1015, true, 'Text', '2023-08-05 12:00:00'),
    (66, 3066, 1016, true, 'Audio', '2023-08-05 13:25:00'),
    (67, 3067, 1017, true, 'Text', '2023-08-05 14:50:00'),
    (68, 3068, 1018, true, 'Video', '2023-08-05 16:15:00'),
    (69, 3069, 1019, true, 'Text', '2023-08-06 09:30:00'),
    (70, 3070, 1020, true, 'Audio', '2023-08-06 10:55:00');




INSERT INTO call_history (chat_id, call_duration, call_date_time, call_type)
VALUES
    (1, 15, '2023-07-26 09:45:00', 'Incoming'),
    (2, 20, '2023-07-26 11:05:00', 'Outgoing'),
    (3, 10, '2023-07-26 12:25:00', 'Incoming'),
    (4, 8, '2023-07-26 13:40:00', 'Outgoing'),
    (5, 12, '2023-07-26 15:10:00', 'Incoming'),
    (6, 22, '2023-07-26 16:45:00', 'Outgoing'),
    (7, 18, '2023-07-27 09:30:00', 'Incoming'),
    (8, 14, '2023-07-27 10:50:00', 'Outgoing'),
    (9, 25, '2023-07-27 12:05:00', 'Incoming'),
    (10, 17, '2023-07-27 13:30:00', 'Outgoing'),
    (11, 21, '2023-07-27 14:45:00', 'Incoming'),
    (12, 19, '2023-07-27 16:10:00', 'Outgoing'),
    (13, 16, '2023-07-28 09:40:00', 'Incoming'),
    (14, 23, '2023-07-28 11:15:00', 'Outgoing'),
    (15, 13, '2023-07-28 12:30:00', 'Incoming'),
    (16, 11, '2023-07-28 14:00:00', 'Outgoing'),
    (17, 24, '2023-07-28 15:15:00', 'Incoming'),
    (18, 27, '2023-07-28 16:40:00', 'Outgoing'),
    (19, 9, '2023-07-29 09:55:00', 'Incoming'),
    (20, 30, '2023-07-29 11:20:00', 'Outgoing'),
    (21, 8, '2023-07-29 12:35:00', 'Incoming'),
    (22, 14, '2023-07-29 13:50:00', 'Outgoing'),
    (23, 19, '2023-07-29 15:15:00', 'Incoming'),
    (24, 17, '2023-07-29 16:30:00', 'Outgoing'),
    (25, 12, '2023-07-30 09:45:00', 'Incoming'),
    (26, 21, '2023-07-30 11:10:00', 'Outgoing'),
    (27, 15, '2023-07-30 12:25:00', 'Incoming'),
    (28, 13, '2023-07-30 13:50:00', 'Outgoing'),
    (29, 22, '2023-07-30 15:15:00', 'Incoming'),
    (30, 25, '2023-07-30 16:40:00', 'Outgoing'),
    (31, 11, '2023-07-31 09:30:00', 'Incoming'),
    (32, 16, '2023-07-31 10:55:00', 'Outgoing'),
    (33, 23, '2023-07-31 12:10:00', 'Incoming'),
    (34, 10, '2023-07-31 13:25:00', 'Outgoing'),
    (35, 19, '2023-07-31 14:50:00', 'Incoming'),
    (36, 9, '2023-07-31 16:15:00', 'Outgoing'),
    (37, 14, '2023-08-01 09:40:00', 'Incoming'),
    (38, 17, '2023-08-01 11:05:00', 'Outgoing'),
    (39, 26, '2023-08-01 12:20:00', 'Incoming'),
    (40, 13, '2023-08-01 13:45:00', 'Outgoing'),
    (41, 20, '2023-08-01 15:10:00', 'Incoming'),
    (42, 11, '2023-08-01 16:35:00', 'Outgoing'),
    (43, 18, '2023-08-02 09:50:00', 'Incoming'),
    (44, 12, '2023-08-02 11:15:00', 'Outgoing'),
    (45, 15, '2023-08-02 12:30:00', 'Incoming'),
    (46, 21, '2023-08-02 13:55:00', 'Outgoing'),
    (47, 28, '2023-08-02 15:20:00', 'Incoming'),
    (48, 17, '2023-08-02 16:45:00', 'Outgoing'),
    (49, 14, '2023-08-03 09:40:00', 'Incoming'),
    (50, 10, '2023-08-03 11:05:00', 'Outgoing'),
    (51, 19, '2023-08-03 12:20:00', 'Incoming'),
    (52, 22, '2023-08-03 13:45:00', 'Outgoing'),
    (53, 27, '2023-08-03 15:10:00', 'Incoming'),
    (54, 11, '2023-08-03 16:35:00', 'Outgoing'),
    (55, 14, '2023-08-04 09:30:00', 'Incoming'),
    (56, 18, '2023-08-04 10:55:00', 'Outgoing'),
    (57, 23, '2023-08-04 12:10:00', 'Incoming'),
    (58, 10, '2023-08-04 13:25:00', 'Outgoing'),
    (59, 19, '2023-08-04 14:50:00', 'Incoming'),
    (60, 12, '2023-08-04 16:15:00', 'Outgoing'),
    (61, 17, '2023-08-05 09:40:00', 'Incoming'),
    (62, 14, '2023-08-05 11:05:00', 'Outgoing'),
    (63, 25, '2023-08-05 12:20:00', 'Incoming'),
    (64, 15, '2023-08-05 13:45:00', 'Outgoing'),
    (65, 21, '2023-08-05 15:10:00', 'Incoming'),
    (66, 12, '2023-08-05 16:35:00', 'Outgoing'),
    (67, 18, '2023-08-06 09:50:00', 'Incoming'),
    (68, 13, '2023-08-06 11:15:00', 'Outgoing'),
    (69, 20, '2023-08-06 12:30:00', 'Incoming'),
    (70, 14, '2023-08-06 13:55:00', 'Outgoing');



INSERT INTO vitals (Doctor_id, Patient_id, ECG, Temp_cel, Diabetes, Resp_Rate, Recommedation, comment)
VALUES
    (1001, 3001, 80, 37.2, 120, 18, 'No abnormalities observed', 'Keep monitoring'),
    (1002, 3002, 78, 36.8, 90, 16, 'Normal ECG result', 'Patient is doing well'),
    (1003, 3003, 82, 37.5, 110, 20, 'Slightly elevated ECG readings', 'Advise stress test'),
    (1004, 3004, 85, 36.5, 130, 22, 'Abnormal ECG pattern detected', 'Refer to a cardiologist'),
    (1005, 3005, 75, 37.0, 100, 19, 'Normal ECG result', 'Patient is stable'),
    (1006, 3006, 79, 37.3, 95, 17, 'No significant ECG changes', 'Continue current treatment'),
    (1007, 3007, 88, 36.9, 140, 21, 'Slight irregularity in ECG', 'Advise lifestyle changes'),
    (1008, 3008, 76, 37.1, 120, 18, 'Normal ECG result', 'Patient is doing well'),
    (1009, 3009, 84, 36.7, 100, 19, 'Abnormal ECG pattern detected', 'Refer to a cardiologist'),
    (1010, 3010, 81, 37.2, 85, 16, 'No abnormalities observed', 'Keep monitoring'),
    (1011, 3011, 77, 37.4, 130, 22, 'Normal ECG result', 'Patient is stable'),
    (1012, 3012, 80, 36.8, 120, 18, 'Slight irregularity in ECG', 'Advise lifestyle changes'),
    (1013, 3013, 83, 37.5, 100, 19, 'Normal ECG result', 'Patient is doing well'),
    (1014, 3014, 87, 37.0, 110, 20, 'Abnormal ECG pattern detected', 'Refer to a cardiologist'),
    (1015, 3015, 75, 37.2, 95, 17, 'No abnormalities observed', 'Keep monitoring'),
    (1016, 3016, 82, 36.9, 120, 18, 'Normal ECG result', 'Patient is stable'),
    (1017, 3017, 79, 37.1, 100, 19, 'Slightly elevated ECG readings', 'Advise stress test'),
    (1018, 3018, 84, 36.5, 130, 22, 'Abnormal ECG pattern detected', 'Refer to a cardiologist'),
    (1019, 3019, 78, 37.3, 90, 16, 'Normal ECG result', 'Patient is doing well'),
    (1020, 3020, 85, 36.8, 100, 19, 'No significant ECG changes', 'Continue current treatment'),
    (1021, 3021, 76, 37.5, 110, 20, 'Slight irregularity in ECG', 'Advise lifestyle changes'),
    (1022, 3022, 80, 36.9, 120, 18, 'Normal ECG result', 'Patient is stable'),
    (1023, 3023, 83, 37.2, 100, 19, 'Abnormal ECG pattern detected', 'Refer to a cardiologist'),
    (1024, 3024, 77, 37.0, 85, 16, 'No abnormalities observed', 'Keep monitoring'),
    (1025, 3025, 82, 37.1, 130, 22, 'Normal ECG result', 'Patient is stable'),
    (1026, 3026, 88, 36.7, 120, 18, 'Slightly elevated ECG readings', 'Advise stress test'),
    (1027, 3027, 75, 37.4, 100, 19, 'No significant ECG changes', 'Continue current treatment'),
    (1028, 3028, 79, 37.2, 110, 20, 'Abnormal ECG pattern detected', 'Refer to a cardiologist'),
    (1029, 3029, 84, 36.8, 95, 17, 'Normal ECG result', 'Patient is doing well'),
    (1030, 3030, 81, 37.0, 100, 19, 'Slight irregularity in ECG', 'Advise lifestyle changes'),
    (1031, 3031, 76, 37.5, 120, 18, 'Normal ECG result', 'Patient is stable'),
    (1032, 3032, 82, 36.9, 130, 22, 'No abnormalities observed', 'Keep monitoring'),
    (1033, 3033, 85, 37.1, 100, 19, 'Normal ECG result', 'Patient is doing well'),
    (1034, 3034, 78, 37.2, 110, 20, 'Abnormal ECG pattern detected', 'Refer to a cardiologist'),
    (1035, 3035, 87, 36.5, 85, 16, 'Slight irregularity in ECG', 'Advise lifestyle changes'),
    (1036, 3036, 80, 37.3, 100, 19, 'No significant ECG changes', 'Continue current treatment'),
    (1037, 3037, 83, 37.1, 120, 18, 'Normal ECG result', 'Patient is stable'),
    (1038, 3038, 76, 37.0, 110, 20, 'Slightly elevated ECG readings', 'Advise stress test'),
    (1039, 3039, 84, 37.2, 130, 22, 'Abnormal ECG pattern detected', 'Refer to a cardiologist'),
    (1040, 3040, 78, 36.8, 95, 17, 'Normal ECG result', 'Patient is doing well'),
    (1041, 3041, 82, 37.5, 100, 19, 'No abnormalities observed', 'Keep monitoring'),
    (1042, 3042, 85, 37.0, 110, 20, 'Normal ECG result', 'Patient is stable'),
    (1043, 3043, 75, 37.2, 120, 18, 'Abnormal ECG pattern detected', 'Refer to a cardiologist'),
    (1044, 3044, 79, 37.3, 100, 19, 'Slight irregularity in ECG', 'Advise lifestyle changes'),
    (1045, 3045, 84, 37.1, 85, 16, 'Normal ECG result', 'Patient is doing well'),
    (1046, 3046, 81, 37.5, 100, 19, 'No significant ECG changes', 'Continue current treatment'),
    (1047, 3047, 76, 36.9, 120, 18, 'Normal ECG result', 'Patient is stable'),
    (1048, 3048, 82, 37.0, 130, 22, 'Abnormal ECG pattern detected', 'Refer to a cardiologist'),
    (1049, 3049, 85, 37.2, 100, 19, 'Slight irregularity in ECG', 'Advise lifestyle changes'),
    (1050, 3050, 78, 37.1, 110, 20, 'Normal ECG result', 'Patient is doing well'),
    (1001, 3051, 83, 36.8, 120, 18, 'No abnormalities observed', 'Keep monitoring'),
    (1002, 3052, 80, 37.5, 90, 16, 'Normal ECG result', 'Patient is stable'),
    (1003, 3053, 82, 37.2, 110, 20, 'Slightly elevated ECG readings', 'Advise stress test'),
    (1004, 3054, 84, 36.9, 130, 22, 'Abnormal ECG pattern detected', 'Refer to a cardiologist'),
    (1005, 3055, 75, 37.0, 100, 19, 'No significant ECG changes', 'Continue current treatment'),
    (1006, 3056, 78, 37.1, 95, 17, 'Normal ECG result', 'Patient is doing well'),
    (1007, 3057, 88, 37.3, 140, 21, 'Slight irregularity in ECG', 'Advise lifestyle changes'),
    (1008, 3058, 80, 36.8, 120, 18, 'Normal ECG result', 'Patient is stable'),
    (1009, 3059, 84, 37.5, 100, 19, 'Abnormal ECG pattern detected', 'Refer to a cardiologist'),
    (1010, 3060, 81, 37.2, 85, 16, 'No abnormalities observed', 'Keep monitoring'),
	(1016, 3066, 82, 36.9, 120, 18, 'Normal ECG result', 'Patient is stable'),
    (1017, 3067, 79, 37.1, 100, 19, 'Slightly elevated ECG readings', 'Advise stress test'),
    (1018, 3068, 84, 36.5, 130, 22, 'Abnormal ECG pattern detected', 'Refer to a cardiologist'),
    (1019, 3069, 78, 37.3, 90, 16, 'Normal ECG result', 'Patient is doing well'),
    (1020, 3070, 85, 36.8, 100, 19, 'No significant ECG changes', 'Continue current treatment'),
    (1011, 3061, 77, 37.4, 130, 22, 'Normal ECG result', 'Patient is stable'),
    (1012, 3062, 80, 36.9, 120, 18, 'Slight irregularity in ECG', 'Advise lifestyle changes'),
    (1013, 3063, 83, 37.5, 100, 19, 'Normal ECG result', 'Patient is doing well'),
    (1014, 3064, 87, 37.0, 110, 20, 'Abnormal ECG pattern detected', 'Refer to a cardiologist'),
    (1015, 3065, 75, 37.2, 95, 17, 'No abnormalities observed', 'Keep monitoring');
   




 INSERT INTO prescription_details (prescription_id, patient_id, doctor_id, medicine_name, medicine_duration, medicine_cycle, medicine_prescription, price, total)
VALUES
    (1, 3001, 1001, 'Paracetamol', '7 days', 'Once a day', 'Take with water after meals', 5.50, 38.50),
    (2, 3002, 1002, 'Amoxicillin', '10 days', 'Twice a day', 'Take with food', 12.75, 127.50),
    (3, 3003, 1003, 'Loratadine', '14 days', 'Once a day', 'Take in the morning', 8.25, 115.50),
    (4, 3004, 1004, 'Esomeprazole', '30 days', 'Once a day', 'Take before breakfast', 20.00, 600.00),
    (5, 3005, 1005, 'Albuterol', '7 days', 'Twice a day', 'Use with inhaler', 15.50, 108.50),
    (6, 3006, 1006, 'Omeprazole', '14 days', 'Once a day', 'Take before dinner', 12.75, 178.50),
    (7, 3007, 1007, 'Diphenhydramine', '10 days', 'Twice a day', 'Take at bedtime', 8.50, 85.00),
    (8, 3008, 1008, 'Ibuprofen', '7 days', 'Three times a day', 'Take with food', 6.50, 45.50),
    (9, 3009, 1009, 'Naproxen', '14 days', 'Twice a day', 'Take with a full glass of water', 12.75, 178.50),
    (10, 3010, 1010, 'Cetirizine', '30 days', 'Once a day', 'Take at bedtime', 20.00, 600.00),
    (11, 3011, 1011, 'Simvastatin', '7 days', 'Once a day', 'Take before bedtime', 5.50, 38.50),
    (12, 3012, 1012, 'Losartan', '10 days', 'Once a day', 'Take with water after meals', 8.50, 85.00),
    (13, 3013, 1013, 'Metformin', '14 days', 'Twice a day', 'Take with food', 12.75, 178.50),
    (14, 3014, 1014, 'Aspirin', '30 days', 'Once a day', 'Take after meals', 20.00, 600.00),
    (15, 3015, 1015, 'Atorvastatin', '7 days', 'Once a day', 'Take before bedtime', 5.50, 38.50),
    (16, 3016, 1016, 'Metoprolol', '14 days', 'Twice a day', 'Take with water', 12.75, 178.50),
    (17, 3017, 1017, 'Prednisone', '10 days', 'Once a day', 'Take with food', 8.50, 85.00),
    (18, 3018, 1018, 'Diazepam', '7 days', 'Three times a day', 'Take as needed', 6.50, 45.50),
    (19, 3019, 1019, 'Gabapentin', '14 days', 'Twice a day', 'Take with food', 12.75, 178.50),
    (20, 3020, 1020, 'Alprazolam', '30 days', 'Once a day', 'Take as prescribed', 22.00, 660.00),
    (21, 3021, 1021, 'Ibuprofen', '7 days', 'Once a day', 'Take with food', 5.50, 38.50),
    (22, 3022, 1022, 'Loratadine', '10 days', 'Once a day', 'Take in the morning', 8.50, 85.00),
    (23, 3023, 1023, 'Naproxen', '14 days', 'Twice a day', 'Take with a full glass of water', 12.75, 178.50),
    (24, 3024, 1024, 'Paracetamol', '7 days', 'Once a day', 'Take with water after meals', 5.50, 38.50),
    (25, 3025, 1025, 'Simvastatin', '30 days', 'Once a day', 'Take before bedtime', 22.00, 660.00),
    (26, 3026, 1026, 'Diphenhydramine', '14 days', 'Twice a day', 'Take at bedtime', 12.75, 178.50),
    (27, 3027, 1027, 'Albuterol', '10 days', 'Twice a day', 'Use with inhaler', 8.50, 85.00),
    (28, 3028, 1028, 'Omeprazole', '7 days', 'Once a day', 'Take before dinner', 5.50, 38.50),
    (29, 3029, 1029, 'Metoprolol', '14 days', 'Twice a day', 'Take with water', 12.75, 178.50),
    (30, 3030, 1030, 'Gabapentin', '30 days', 'Once a day', 'Take with food', 22.00, 660.00),
    (31, 3031, 1031, 'Cetirizine', '7 days', 'Once a day', 'Take at bedtime', 5.50, 38.50),
    (32, 3032, 1032, 'Esomeprazole', '14 days', 'Once a day', 'Take before breakfast', 12.75, 178.50),
    (33, 3033, 1033, 'Prednisone', '10 days', 'Once a day', 'Take with food', 8.50, 85.00),
    (34, 3034, 1034, 'Diazepam', '7 days', 'Three times a day', 'Take as needed', 6.50, 45.50),
    (35, 3035, 1035, 'Metformin', '14 days', 'Twice a day', 'Take with food', 12.75, 178.50),
    (36, 3036, 1036, 'Aspirin', '30 days', 'Once a day', 'Take after meals', 20.00, 600.00),
    (37, 3037, 1037, 'Atorvastatin', '7 days', 'Once a day', 'Take before bedtime', 5.50, 38.50),
    (38, 3038, 1038, 'Metoprolol', '14 days', 'Twice a day', 'Take with water', 12.75, 178.50),
    (39, 3039, 1039, 'Gabapentin', '10 days', 'Twice a day', 'Take with food', 8.50, 85.00),
    (40, 3040, 1040, 'Alprazolam', '7 days', 'Once a day', 'Take as prescribed', 5.50, 38.50),
    (41, 3041, 1041, 'Ibuprofen', '30 days', 'Once a day', 'Take with food', 22.00, 660.00),
    (42, 3042, 1042, 'Loratadine', '14 days', 'Once a day', 'Take in the morning', 12.75, 178.50),
    (43, 3043, 1043, 'Naproxen', '10 days', 'Twice a day', 'Take with a full glass of water', 8.50, 85.00),
    (44, 3044, 1044, 'Paracetamol', '7 days', 'Once a day', 'Take with water after meals', 5.50, 38.50),
    (45, 3045, 1045, 'Simvastatin', '30 days', 'Once a day', 'Take before bedtime', 22.00, 660.00),
    (46, 3046, 1046, 'Diphenhydramine', '14 days', 'Twice a day', 'Take at bedtime', 12.75, 178.50),
    (47, 3047, 1047, 'Albuterol', '10 days', 'Twice a day', 'Use with inhaler', 8.50, 85.00),
    (48, 3048, 1048, 'Omeprazole', '7 days', 'Once a day', 'Take before dinner', 5.50, 38.50),
    (49, 3049, 1049, 'Metoprolol', '14 days', 'Twice a day', 'Take with water', 12.75, 178.50),
    (50, 3050, 1050, 'Gabapentin', '30 days', 'Once a day', 'Take with food', 22.00, 660.00),
    (51, 3051, 1001, 'Cetirizine', '7 days', 'Once a day', 'Take at bedtime', 5.50, 38.50),
    (52, 3052, 1002, 'Esomeprazole', '14 days', 'Once a day', 'Take before breakfast', 12.75, 178.50),
    (53, 3053, 1003, 'Prednisone', '10 days', 'Once a day', 'Take with food', 8.50, 85.00),
    (54, 3054, 1004, 'Diazepam', '7 days', 'Three times a day', 'Take as needed', 6.50, 45.50),
    (55, 3055, 1005, 'Metformin', '14 days', 'Twice a day', 'Take with food', 12.75, 178.50),
    (56, 3056, 1006, 'Aspirin', '30 days', 'Once a day', 'Take after meals', 20.00, 600.00),
    (57, 3057, 1007, 'Atorvastatin', '7 days', 'Once a day', 'Take before bedtime', 5.50, 38.50),
    (58, 3058, 1008, 'Metoprolol', '14 days', 'Twice a day', 'Take with water', 12.75, 178.50),
    (59, 3059, 1009, 'Gabapentin', '10 days', 'Twice a day', 'Take with food', 8.50, 85.00),
    (60, 3060, 1010, 'Alprazolam', '7 days', 'Once a day', 'Take as prescribed', 5.50, 38.50),
    (61, 3061, 1011, 'Ibuprofen', '30 days', 'Once a day', 'Take with food', 22.00, 660.00),
    (62, 3062, 1012, 'Loratadine', '14 days', 'Once a day', 'Take in the morning', 12.75, 178.50),
    (63, 3063, 1013, 'Naproxen', '10 days', 'Twice a day', 'Take with a full glass of water', 8.50, 85.00),
    (64, 3064, 1014, 'Paracetamol', '7 days', 'Once a day', 'Take with water after meals', 5.50, 38.50),
    (65, 3065, 1015, 'Simvastatin', '30 days', 'Once a day', 'Take before bedtime', 22.00, 660.00),
    (66, 3066, 1016, 'Diphenhydramine', '14 days', 'Twice a day', 'Take at bedtime', 12.75, 178.50),
    (67, 3067, 1017, 'Albuterol', '10 days', 'Twice a day', 'Use with inhaler', 8.50, 85.00),
    (68, 3068, 1018, 'Omeprazole', '7 days', 'Once a day', 'Take before dinner', 5.50, 38.50),
    (69, 3069, 1019, 'Metoprolol', '14 days', 'Twice a day', 'Take with water', 12.75, 178.50),
    (70, 3070, 1020, 'Gabapentin', '30 days', 'Once a day', 'Take with food', 22.00, 660.00),
    (71, 3071, 1021, 'Cetirizine', '7 days', 'Once a day', 'Take at bedtime', 5.50, 38.50),
    (72, 3072, 1022, 'Esomeprazole', '14 days', 'Once a day', 'Take before breakfast', 12.75, 178.50),
    (73, 3073, 1023, 'Prednisone', '10 days', 'Once a day', 'Take with food', 8.50, 85.00),
    (74, 3074, 1024, 'Diazepam', '7 days', 'Three times a day', 'Take as needed', 6.50, 45.50),
    (75, 3075, 1025, 'Metformin', '14 days', 'Twice a day', 'Take with food', 12.75, 178.50),
    (76, 3076, 1026, 'Aspirin', '30 days', 'Once a day', 'Take after meals', 20.00, 600.00),
    (77, 3077, 1027, 'Atorvastatin', '7 days', 'Once a day', 'Take before bedtime', 5.50, 38.50),
    (78, 3078, 1028, 'Metoprolol', '14 days', 'Twice a day', 'Take with water', 12.75, 178.50),
    (79, 3079, 1029, 'Gabapentin', '10 days', 'Twice a day', 'Take with food', 8.50, 85.00),
    (80, 3080, 1030, 'Alprazolam', '7 days', 'Once a day', 'Take as prescribed', 5.50, 38.50),
    (81, 3081, 1031, 'Ibuprofen', '30 days', 'Once a day', 'Take with food', 22.00, 660.00),
    (82, 3082, 1032, 'Loratadine', '14 days', 'Once a day', 'Take in the morning', 12.75, 178.50),
    (83, 3083, 1033, 'Naproxen', '10 days', 'Twice a day', 'Take with a full glass of water', 8.50, 85.00),
    (84, 3084, 1034, 'Paracetamol', '7 days', 'Once a day', 'Take with water after meals', 5.50, 38.50),
    (85, 3085, 1035, 'Simvastatin', '30 days', 'Once a day', 'Take before bedtime', 22.00, 660.00),
    (86, 3086, 1036, 'Diphenhydramine', '14 days', 'Twice a day', 'Take at bedtime', 12.75, 178.50),
    (87, 3087, 1037, 'Albuterol', '10 days', 'Twice a day', 'Use with inhaler', 8.50, 85.00),
    (88, 3088, 1038, 'Omeprazole', '7 days', 'Once a day', 'Take before dinner', 5.50, 38.50),
    (89, 3089, 1039, 'Metoprolol', '14 days', 'Twice a day', 'Take with water', 12.75, 178.50),
    (90, 3090, 1040, 'Gabapentin', '30 days', 'Once a day', 'Take with food', 22.00, 660.00);


INSERT INTO newbook_appointment (book_id, patient_id, doctor_id, patient_name, patient_issue, date_time, Regularity_symptom, confirmation_appointment)
VALUES
    (1, 3001, 1001, 'John Doe', 'Fever and cough', '2023-07-26 09:30:00', 'Occasional', true),
    (2, 3002, 1002, 'Alice Smith', 'Sore throat', '2023-07-26 10:45:00', 'Regular', true),
    (3, 3003, 1003, 'Michael Johnson', 'Headache', '2023-07-26 11:15:00', 'Occasional', true),
    (4, 3004, 1004, 'Emily Brown', 'Back pain', '2023-07-26 12:30:00', 'Regular', true),
    (5, 3005, 1005, 'James Wilson', 'Stomach ache', '2023-07-26 14:00:00', 'Occasional', true),
    (6, 3006, 1006, 'Sophia Davis', 'Allergy', '2023-07-26 15:20:00', 'Occasional', true),
    (7, 3007, 1007, 'Oliver Martinez', 'Fatigue', '2023-07-26 16:45:00', 'Regular', true),
    (8, 3008, 1008, 'Isabella Lopez', 'Joint pain', '2023-07-27 09:10:00', 'Regular', true),
    (9, 3009, 1009, 'William Lee', 'Chest pain', '2023-07-27 10:35:00', 'Occasional', true),
    (10, 3010, 1010, 'Ava Garcia', 'Skin rash', '2023-07-27 11:55:00', 'Regular', true),
    (11, 3011, 1011, 'Ethan Rodriguez', 'Sore throat', '2023-07-27 12:40:00', 'Occasional', true),
    (12, 3012, 1012, 'Mia Hernandez', 'Fever and cough', '2023-07-27 14:15:00', 'Regular', true),
    (13, 3013, 1013, 'Alexander Smith', 'Headache', '2023-07-27 15:40:00', 'Occasional', true),
    (14, 3014, 1014, 'Abigail Johnson', 'Back pain', '2023-07-27 16:25:00', 'Occasional', true),
    (15, 3015, 1015, 'Daniel Brown', 'Stomach ache', '2023-07-28 09:50:00', 'Regular', true),
    (16, 3016, 1016, 'Elizabeth Wilson', 'Allergy', '2023-07-28 11:10:00', 'Occasional', true),
    (17, 3017, 1017, 'Joseph Davis', 'Fatigue', '2023-07-28 12:35:00', 'Occasional', true),
    (18, 3018, 1018, 'Samantha Martinez', 'Joint pain', '2023-07-28 14:00:00', 'Regular', true),
    (19, 3019, 1019, 'Michael Lopez', 'Chest pain', '2023-07-28 15:20:00', 'Occasional', true),
    (20, 3020, 1020, 'Avery Lee', 'Skin rash', '2023-07-28 16:45:00', 'Regular', true),
    (21, 3021, 1021, 'Scarlett Garcia', 'Fever and cough', '2023-07-29 09:30:00', 'Occasional', true),
    (22, 3022, 1022, 'David Rodriguez', 'Headache', '2023-07-29 10:55:00', 'Regular', true),
    (23, 3023, 1023, 'Emma Hernandez', 'Back pain', '2023-07-29 12:10:00', 'Regular', true),
    (24, 3024, 1024, 'Jackson Smith', 'Stomach ache', '2023-07-29 13:40:00', 'Occasional', true),
    (25, 3025, 1025, 'Madison Johnson', 'Allergy', '2023-07-29 14:50:00', 'Regular', true),
    (26, 3026, 1026, 'Elijah Brown', 'Fatigue', '2023-07-29 16:15:00', 'Occasional', true),
    (27, 3027, 1027, 'Aria Wilson', 'Joint pain', '2023-07-30 09:20:00', 'Occasional', true),
    (28, 3028, 1028, 'Grayson Davis', 'Chest pain', '2023-07-30 10:40:00', 'Regular', true),
    (29, 3029, 1029, 'Scarlett Martinez', 'Skin rash', '2023-07-30 12:00:00', 'Occasional', true),
    (30, 3030, 1030, 'Carter Lopez', 'Fever and cough', '2023-07-30 13:25:00', 'Occasional', true),
    (31, 3031, 1031, 'Riley Lee', 'Headache', '2023-07-30 14:55:00', 'Regular', true),
    (32, 3032, 1032, 'Grace Garcia', 'Back pain', '2023-07-30 16:20:00', 'Regular', true),
    (33, 3033, 1033, 'Henry Rodriguez', 'Stomach ache', '2023-07-31 09:40:00', 'Occasional', true),
    (34, 3034, 1034, 'Lily Hernandez', 'Allergy', '2023-07-31 11:00:00', 'Regular', true),
    (35, 3035, 1035, 'Leo Smith', 'Fatigue', '2023-07-31 12:20:00', 'Occasional', true),
    (36, 3036, 1036, 'Chloe Johnson', 'Joint pain', '2023-07-31 13:45:00', 'Occasional', true),
    (37, 3037, 1037, 'Wyatt Brown', 'Chest pain', '2023-07-31 15:05:00', 'Regular', true),
    (38, 3038, 1038, 'Zoey Wilson', 'Skin rash', '2023-07-31 16:30:00', 'Occasional', true),
    (39, 3039, 1039, 'Nathan Davis', 'Fever and cough', '2023-08-01 09:10:00', 'Regular', true),
    (40, 3040, 1040, 'Aubrey Martinez', 'Headache', '2023-08-01 10:30:00', 'Occasional', true),
    (41, 3041, 1041, 'Hannah Lopez', 'Back pain', '2023-08-01 11:50:00', 'Occasional', true),
    (42, 3042, 1042, 'Eli Smith', 'Stomach ache', '2023-08-01 13:15:00', 'Regular', true),
    (43, 3043, 1043, 'Addison Johnson', 'Allergy', '2023-08-01 14:35:00', 'Occasional', true),
    (44, 3044, 1044, 'Eleanor Brown', 'Fatigue', '2023-08-01 15:55:00', 'Occasional', true),
    (45, 3045, 1045, 'Luke Wilson', 'Joint pain', '2023-08-02 09:25:00', 'Regular', true),
    (46, 3046, 1046, 'Skylar Davis', 'Chest pain', '2023-08-02 10:50:00', 'Occasional', true),
    (47, 3047, 1047, 'Aurora Martinez', 'Skin rash', '2023-08-02 12:10:00', 'Regular', true),
    (48, 3048, 1048, 'Landon Lopez', 'Fever and cough', '2023-08-02 13:35:00', 'Occasional', true),
    (49, 3049, 1049, 'Brooklyn Smith', 'Headache', '2023-08-02 14:55:00', 'Occasional', true),
    (50, 3050, 1050, 'Parker Garcia', 'Back pain', '2023-08-02 16:20:00', 'Regular', true),
    (51, 3051, 1001, 'Aaliyah Rodriguez', 'Stomach ache', '2023-08-03 09:40:00', 'Regular', true),
    (52, 3052, 1002, 'Christopher Hernandez', 'Allergy', '2023-08-03 11:00:00', 'Occasional', true),
    (53, 3053, 1003, 'Leah Johnson', 'Fatigue', '2023-08-03 12:20:00', 'Occasional', true),
    (54, 3054, 1004, 'Sofia Brown', 'Joint pain', '2023-08-03 13:45:00', 'Regular', true),
    (55, 3055, 1005, 'Henry Davis', 'Chest pain', '2023-08-03 15:05:00', 'Occasional', true),
    (56, 3056, 1006, 'Ella Martinez', 'Skin rash', '2023-08-03 16:30:00', 'Occasional', true),
    (57, 3057, 1007, 'Christopher Smith', 'Fever and cough', '2023-08-04 09:10:00', 'Regular', true),
    (58, 3058, 1008, 'Scarlett Wilson', 'Headache', '2023-08-04 10:30:00', 'Occasional', true),
    (59, 3059, 1009, 'Leo Garcia', 'Back pain', '2023-08-04 11:50:00', 'Occasional', true),
    (60, 3060, 1010, 'Chloe Davis', 'Stomach ache', '2023-08-04 13:15:00', 'Regular', true),
    (61, 3061, 1011, 'Grace Martinez', 'Allergy', '2023-08-04 14:35:00', 'Occasional', true),
    (62, 3062, 1012, 'Jackson Brown', 'Fatigue', '2023-08-04 15:55:00', 'Occasional', true),
    (63, 3063, 1013, 'Harper Johnson', 'Joint pain', '2023-08-05 09:25:00', 'Regular', true),
    (64, 3064, 1014, 'Zoe Lopez', 'Chest pain', '2023-08-05 10:50:00', 'Occasional', true),
    (65, 3065, 1015, 'Harrison Smith', 'Skin rash', '2023-08-05 12:10:00', 'Regular', true),
    (66, 3066, 1016, 'Mila Wilson', 'Fever and cough', '2023-08-05 13:35:00', 'Occasional', true),
    (67, 3067, 1017, 'Liam Davis', 'Headache', '2023-08-05 14:55:00', 'Occasional', true),
    (68, 3068, 1018, 'Luna Martinez', 'Back pain', '2023-08-05 16:20:00', 'Regular', true),
    (69, 3069, 1019, 'Lucas Brown', 'Stomach ache', '2023-08-06 09:40:00', 'Occasional', true),
    (70, 3070, 1020, 'Riley Johnson', 'Allergy', '2023-08-06 11:00:00', 'Regular', true),
    (71, 3071, 1021, 'Aria Lopez', 'Fatigue', '2023-08-06 12:20:00', 'Occasional', true),
    (72, 3072, 1022, 'Jackson Smith', 'Joint pain', '2023-08-06 13:45:00', 'Occasional', true),
    (73, 3073, 1023, 'Scarlett Davis', 'Chest pain', '2023-08-06 15:05:00', 'Regular', true),
    (74, 3074, 1024, 'James Wilson', 'Skin rash', '2023-08-06 16:30:00', 'Occasional', true),
    (75, 3075, 1025, 'Sofia Johnson', 'Fever and cough', '2023-08-07 09:10:00', 'Regular', true),
    (76, 3076, 1026, 'Ethan Martinez', 'Headache', '2023-08-07 10:30:00', 'Occasional', true),
    (77, 3077, 1027, 'Emma Brown', 'Back pain', '2023-08-07 11:50:00', 'Occasional', true),
    (78, 3078, 1028, 'Oliver Garcia', 'Stomach ache', '2023-08-07 13:15:00', 'Regular', true),
    (79, 3079, 1029, 'Ava Davis', 'Allergy', '2023-08-07 14:35:00', 'Occasional', true),
    (80, 3080, 1030, 'Noah Wilson', 'Fatigue', '2023-08-07 15:55:00', 'Occasional', true),
    (81, 3081, 1031, 'Isabella Johnson', 'Joint pain', '2023-08-08 09:25:00', 'Regular', true),
    (82, 3082, 1032, 'Mason Lopez', 'Chest pain', '2023-08-08 10:50:00', 'Occasional', true),
    (83, 3083, 1033, 'Charlotte Smith', 'Skin rash', '2023-08-08 12:10:00', 'Regular', true),
    (84, 3084, 1034, 'Liam Davis', 'Fever and cough', '2023-08-08 13:35:00', 'Occasional', true),
    (85, 3085, 1035, 'Amelia Martinez', 'Headache', '2023-08-08 14:55:00', 'Occasional', true),
    (86, 3086, 1036, 'Lucas Brown', 'Back pain', '2023-08-08 16:20:00', 'Regular', true),
    (87, 3087, 1037, 'Luna Lopez', 'Stomach ache', '2023-08-09 09:40:00', 'Occasional', true),
    (88, 3088, 1038, 'Mia Smith', 'Allergy', '2023-08-09 11:00:00', 'Regular', true),
    (89, 3089, 1039, 'Jackson Davis', 'Fatigue', '2023-08-09 12:20:00', 'Occasional', true),
    (90, 3090, 1040, 'Ella Johnson', 'Joint pain', '2023-08-09 13:45:00', 'Occasional', true);




INSERT INTO availability (patient_id, doctor_id, date_availability, working_days, time_slot, avail_status)
VALUES
    (3001, 1001, '2023-07-26', 'Monday, Wednesday, Friday', '2023-07-26 09:00:00', true),
    (3002, 1002, '2023-07-27', 'Tuesday, Thursday', '2023-07-27 10:30:00', true),
    (3003, 1003, '2023-07-28', 'Wednesday, Friday', '2023-07-28 11:45:00', true),
    (3004, 1004, '2023-07-29', 'Monday, Wednesday', '2023-07-29 12:15:00', true),
    (3005, 1005, '2023-07-30', 'Tuesday, Thursday', '2023-07-30 14:00:00', true),
    (3006, 1006, '2023-07-31', 'Monday, Wednesday, Friday', '2023-07-31 15:30:00', true),
    (3007, 1007, '2023-08-01', 'Tuesday, Thursday', '2023-08-01 16:45:00', true),
    (3008, 1008, '2023-08-02', 'Monday, Wednesday', '2023-08-02 09:00:00', true),
    (3009, 1009, '2023-08-03', 'Tuesday, Thursday', '2023-08-03 10:30:00', true),
    (3010, 1010, '2023-08-04', 'Wednesday, Friday', '2023-08-04 11:45:00', true),
    (3011, 1011, '2023-08-05', 'Monday, Wednesday', '2023-08-05 12:15:00', true),
    (3012, 1012, '2023-08-06', 'Tuesday, Thursday', '2023-08-06 14:00:00', true),
    (3013, 1013, '2023-08-07', 'Monday, Wednesday, Friday', '2023-08-07 15:30:00', true),
    (3014, 1014, '2023-08-08', 'Tuesday, Thursday', '2023-08-08 16:45:00', true),
    (3015, 1015, '2023-08-09', 'Monday, Wednesday', '2023-08-09 09:00:00', true),
    (3016, 1016, '2023-08-10', 'Tuesday, Thursday', '2023-08-10 10:30:00', true),
    (3017, 1017, '2023-08-11', 'Wednesday, Friday', '2023-08-11 11:45:00', true),
    (3018, 1018, '2023-08-12', 'Monday, Wednesday', '2023-08-12 12:15:00', true),
    (3019, 1019, '2023-08-13', 'Tuesday, Thursday', '2023-08-13 14:00:00', true),
    (3020, 1020, '2023-08-14', 'Monday, Wednesday, Friday', '2023-08-14 15:30:00', true),
    (3021, 1021, '2023-08-15', 'Tuesday, Thursday', '2023-08-15 16:45:00', true),
    (3022, 1022, '2023-08-16', 'Monday, Wednesday', '2023-08-16 09:00:00', true),
    (3023, 1023, '2023-08-17', 'Tuesday, Thursday', '2023-08-17 10:30:00', true),
    (3024, 1024, '2023-08-18', 'Wednesday, Friday', '2023-08-18 11:45:00', true),
    (3025, 1025, '2023-08-19', 'Monday, Wednesday', '2023-08-19 12:15:00', true),
    (3026, 1026, '2023-08-20', 'Tuesday, Thursday', '2023-08-20 14:00:00', true),
    (3027, 1027, '2023-08-21', 'Monday, Wednesday, Friday', '2023-08-21 15:30:00', true),
    (3028, 1028, '2023-08-22', 'Tuesday, Thursday', '2023-08-22 16:45:00', true),
    (3029, 1029, '2023-08-23', 'Monday, Wednesday', '2023-08-23 09:00:00', true),
    (3030, 1030, '2023-08-24', 'Tuesday, Thursday', '2023-08-24 10:30:00', true),
    (3031, 1031, '2023-08-25', 'Wednesday, Friday', '2023-08-25 11:45:00', true),
    (3032, 1032, '2023-08-26', 'Monday, Wednesday', '2023-08-26 12:15:00', true),
    (3033, 1033, '2023-08-27', 'Tuesday, Thursday', '2023-08-27 14:00:00', true),
    (3034, 1034, '2023-08-28', 'Monday, Wednesday, Friday', '2023-08-28 15:30:00', true),
    (3035, 1035, '2023-08-29', 'Tuesday, Thursday', '2023-08-29 16:45:00', true),
    (3036, 1036, '2023-08-30', 'Monday, Wednesday', '2023-08-30 09:00:00', true),
    (3037, 1037, '2023-08-31', 'Tuesday, Thursday', '2023-08-31 10:30:00', true),
    (3038, 1038, '2023-09-01', 'Wednesday, Friday', '2023-09-01 11:45:00', true),
    (3039, 1039, '2023-09-02', 'Monday, Wednesday', '2023-09-02 12:15:00', true),
    (3040, 1040, '2023-09-03', 'Tuesday, Thursday', '2023-09-03 14:00:00', true),
    (3041, 1041, '2023-09-04', 'Monday, Wednesday, Friday', '2023-09-04 15:30:00', true),
    (3042, 1042, '2023-09-05', 'Tuesday, Thursday', '2023-09-05 16:45:00', true),
    (3043, 1043, '2023-09-06', 'Monday, Wednesday', '2023-09-06 09:00:00', true),
    (3044, 1044, '2023-09-07', 'Tuesday, Thursday', '2023-09-07 10:30:00', true),
    (3045, 1045, '2023-09-08', 'Wednesday, Friday', '2023-09-08 11:45:00', true),
    (3046, 1046, '2023-09-09', 'Monday, Wednesday', '2023-09-09 12:15:00', true),
    (3047, 1047, '2023-09-10', 'Tuesday, Thursday', '2023-09-10 14:00:00', true),
    (3048, 1048, '2023-09-11', 'Monday, Wednesday', '2023-09-11 15:30:00', true),
    (3049, 1049, '2023-09-12', 'Tuesday, Thursday', '2023-09-12 16:45:00', true),
    (3050, 1050, '2023-09-13', 'Monday, Wednesday', '2023-09-13 09:00:00', true),
    (3051, 1011, '2023-09-14', 'Tuesday, Thursday', '2023-09-14 10:30:00', true),
    (3052, 1022, '2023-09-15', 'Wednesday, Friday', '2023-09-15 11:45:00', true),
    (3053, 1013, '2023-09-16', 'Monday, Wednesday', '2023-09-16 12:15:00', true),
    (3054, 1024, '2023-09-17', 'Tuesday, Thursday', '2023-09-17 14:00:00', true),
    (3055, 1015, '2023-09-18', 'Monday, Wednesday', '2023-09-18 15:30:00', true),
    (3056, 1036, '2023-09-19', 'Tuesday, Thursday', '2023-09-19 16:45:00', true),
    (3057, 1017, '2023-09-20', 'Monday, Wednesday', '2023-09-20 09:00:00', true),
    (3058, 1038, '2023-09-21', 'Tuesday, Thursday', '2023-09-21 10:30:00', true),
    (3059, 1029, '2023-09-22', 'Wednesday, Friday', '2023-09-22 11:45:00', true),
    (3061, 1030, '2023-09-23', 'Monday, Wednesday', '2023-09-23 12:15:00', true);

