INSERT INTO addnewsupplier (supplier_id, mobile_no, zip_code, account_no)
VALUES
(1, 9876543210, 12345, 1001),
(2, 9876543222, 54321, 1002),
(3, 9876543233, 67890, 1003),
(4, 9876543244, 98765, 1004),
(5, 9876543255, 24680, 1005),
(6, 9876543266, 13579, 1006),
(7, 9876543277, 97531, 1007),
(8, 9876543288, 86420, 1008),
(9, 9876543299, 24681, 1009),
(10, 9876543300, 12340, 1010),
(11, 9876543311, 98761, 1011),
(12, 9876543322, 75310, 1012),
(13, 9876543333, 64208, 1013),
(14, 9876543344, 13579, 1014),
(15, 9876543355, 86420, 1015),
(16, 9876543366, 97531, 1016),
(17, 9876543377, 75310, 1017),
(18, 9876543388, 64208, 1018),
(19, 9876543399, 13579, 1019),
(20, 9876543400, 86420, 1020),
(21, 9876543411, 24681, 1021),
(22, 9876543422, 98761, 1022),
(23, 9876543433, 12340, 1023),
(24, 9876543444, 86420, 1024),
(25, 9876543455, 13579, 1025),
(26, 9876543466, 75310, 1026),
(27, 9876543477, 24681, 1027),
(28, 9876543488, 64208, 1028),
(29, 9876543499, 97531, 1029),
(30, 9876543500, 98761, 1030),
(31, 9876543511, 13579, 1031),
(32, 9876543522, 86420, 1032),
(33, 9876543533, 24681, 1033),
(34, 9876543544, 64208, 1034),
(35, 9876543555, 75310, 1035),
(36, 9876543566, 24681, 1036),
(37, 9876543577, 86420, 1037),
(38, 9876543588, 12340, 1038),
(39, 9876543599, 64208, 1039),
(40, 9876543600, 24681, 1040),
(41, 9876543611, 75310, 1041),
(42, 9876543622, 86420, 1042),
(43, 9876543633, 13579, 1043),
(44, 9876543644, 97531, 1044),
(45, 9876543655, 64208, 1045),
(46, 9876543666, 86420, 1046),
(47, 9876543677, 75310, 1047),
(48, 9876543688, 24681, 1048),
(49, 9876543699, 97531, 1049),
(50, 9876543700, 64208, 1050);

 

 

INSERT INTO addnewvacation (total_holiday, holiday_left, used_holiday, Emp_name, department, vocation_type, start_date, end_date)
VALUES
    (20, 18, 2, 'John Smith', 'Marketing', 'Annual Leave', '2023-08-10', '2023-08-15'),
    (15, 10, 5, 'Jane Doe', 'Human Resources', 'Sick Leave', '2023-09-05', '2023-09-08'),
    (25, 25, 0, 'Michael Johnson', 'Finance', 'Maternity Leave', '2023-10-20', '2024-01-15'),
    (30, 20, 10, 'Emily Wang', 'IT', 'Paternity Leave', '2023-11-12', '2023-11-16'),
    (15, 0, 15, 'David Lee', 'Sales', 'Unpaid Leave', '2023-12-01', '2023-12-10'),
    (18, 12, 6, 'Sarah Johnson', 'Sales', 'Sick Leave', '2023-08-20', '2023-08-23'),
    (25, 20, 5, 'Robert Smith', 'Finance', 'Annual Leave', '2023-09-10', '2023-09-18'),
    (20, 15, 5, 'Emma Wilson', 'IT', 'Paid Time Off', '2023-10-05', '2023-10-08'),
    (15, 8, 7, 'William Brown', 'Marketing', 'Personal Leave', '2023-11-22', '2023-11-24'),
    (12, 12, 0, 'Sophia Lee', 'Human Resources', 'Parental Leave', '2023-12-15', '2024-01-05'),
    (22, 20, 2, 'Daniel Chen', 'Engineering', 'Vacation', '2023-12-20', '2023-12-27'),
    (10, 10, 0, 'Olivia Kim', 'Customer Support', 'Medical Leave', '2023-12-28', '2024-01-02'),
    (30, 30, 0, 'Liam Nguyen', 'Operations', 'Sabbatical', '2024-01-10', '2024-04-10'),
    (15, 10, 5, 'Ava Gupta', 'Research', 'Vacation', '2024-02-05', '2024-02-09'),
    (12, 6, 6, 'Noah Patel', 'Sales', 'Personal Leave', '2024-03-15', '2024-03-20'),
    (14, 14, 0, 'Isabella Ali', 'Finance', 'Holiday', '2024-04-05', '2024-04-07'),
    (25, 25, 0, 'James Song', 'IT', 'Vacation', '2024-05-20', '2024-05-30'),
    (18, 10, 8, 'Sophie Wang', 'Marketing', 'Sick Leave', '2024-06-10', '2024-06-14'),
    (16, 10, 6, 'Ethan Park', 'Engineering', 'Annual Leave', '2024-07-05', '2024-07-10'),
    (20, 18, 2, 'Oliver Kim', 'Customer Support', 'Vacation', '2024-08-15', '2024-08-20'),
    (15, 10, 5, 'Aria Sharma', 'Operations', 'Personal Leave', '2024-09-12', '2024-09-15'),
    (14, 12, 2, 'Logan Gupta', 'Research', 'Holiday', '2024-10-01', '2024-10-02'),
    (12, 12, 0, 'Aiden Patel', 'Sales', 'Sick Leave', '2024-11-20', '2024-11-22'),
    (30, 20, 10, 'Ella Nguyen', 'Finance', 'Vacation', '2024-12-05', '2024-12-15'),
    (25, 25, 0, 'Mason Brown', 'IT', 'Paid Time Off', '2025-01-10', '2025-01-20'),
    (18, 10, 8, 'Harper Lee', 'Marketing', 'Vacation', '2025-02-10', '2025-02-17'),
    (20, 15, 5, 'Evelyn Chen', 'Engineering', 'Personal Leave', '2025-03-05', '2025-03-08'),
    (15, 10, 5, 'Jackson Kim', 'Customer Support', 'Holiday', '2025-04-02', '2025-04-04'),
    (22, 20, 2, 'Luna Wang', 'Operations', 'Sick Leave', '2025-05-15', '2025-05-17'),
    (14, 14, 0, 'Mateo Patel', 'Research', 'Vacation', '2025-06-20', '2025-06-27'),
    (12, 6, 6, 'Grace Gupta', 'Sales', 'Personal Leave', '2025-07-10', '2025-07-15'),
    (30, 30, 0, 'Elijah Kim', 'Finance', 'Sabbatical', '2025-08-10', '2025-11-10'),
    (15, 10, 5, 'Scarlett Nguyen', 'IT', 'Vacation', '2025-09-05', '2025-09-08'),
    (25, 25, 0, 'Lucas Brown', 'Marketing', 'Holiday', '2025-10-20', '2025-10-21'),
    (18, 12, 6, 'Chloe Lee', 'Engineering', 'Sick Leave', '2025-11-12', '2025-11-15'),
    (20, 15, 5, 'Christian Kim', 'Customer Support', 'Vacation', '2025-12-10', '2025-12-20'),
    (15, 8, 7, 'Sofia Wang', 'Operations', 'Personal Leave', '2026-01-05', '2026-01-07'),
    (14, 12, 2, 'Benjamin Gupta', 'Research', 'Vacation', '2026-02-15', '2026-02-18'),
    (18, 12, 6, 'Sarah Johnson', 'Sales', 'Sick Leave', '2023-08-20', '2023-08-23'),
    (25, 20, 5, 'Robert Smith', 'Finance', 'Annual Leave', '2023-09-10', '2023-09-18'),
    (20, 15, 5, 'Emma Wilson', 'IT', 'Paid Time Off', '2023-10-05', '2023-10-08'),
    (15, 8, 7, 'William Brown', 'Marketing', 'Personal Leave', '2023-11-22', '2023-11-24'),
    (12, 12, 0, 'Sophia Lee', 'Human Resources', 'Parental Leave', '2023-12-15', '2024-01-05'),
    (22, 20, 2, 'Daniel Chen', 'Engineering', 'Vacation', '2023-12-20', '2023-12-27'),
    (10, 10, 0, 'Olivia Kim', 'Customer Support', 'Medical Leave', '2023-12-28', '2024-01-02'),
    (30, 30, 0, 'Liam Nguyen', 'Operations', 'Sabbatical', '2024-01-10', '2024-04-10'),
    (15, 10, 5, 'Ava Gupta', 'Research', 'Vacation', '2024-02-05', '2024-02-09'),
    (12, 6, 6, 'Noah Patel', 'Sales', 'Personal Leave', '2024-03-15', '2024-03-20'),
    (20, 18, 2, 'John Smith', 'Marketing', 'Annual Leave', '2023-08-10', '2023-08-15'),
    (15, 10, 5, 'Jane Doe', 'Human Resources', 'Sick Leave', '2023-09-05', '2023-09-08'),
    (25, 25, 0, 'Michael Johnson', 'Finance', 'Maternity Leave', '2023-10-20', '2024-01-15'),
    (30, 20, 10, 'Emily Wang', 'IT', 'Paternity Leave', '2023-11-12', '2023-11-16'),
    (15, 0, 15, 'David Lee', 'Sales', 'Unpaid Leave', '2023-12-01', '2023-12-10');

 

-- Inserting data into the "addressdetails" table
INSERT INTO addressdetails (address, zipcode, state, town, country)
VALUES
    ('123 Main Street', 12345, 'California', 'Los Angeles', 'United States'),
    ('456 Elm Avenue', 67890, 'New York', 'New York City', 'United States'),
    ('789 Oak Lane', 54321, 'Texas', 'Houston', 'United States'),
    ('101 Maple Road', 98765, 'Florida', 'Miami', 'United States'),
    ('222 Pine Street', 65432, 'Illinois', 'Chicago', 'United States'),
    ('333 Cedar Avenue', 23456, 'Massachusetts', 'Boston', 'United States'),
    ('444 Birch Drive', 87654, 'Colorado', 'Denver', 'United States'),
    ('555 Willow Court', 43210, 'Nevada', 'Las Vegas', 'United States'),
    ('666 Walnut Lane', 34567, 'Arizona', 'Phoenix', 'United States'),
    ('777 Ash Street', 76543, 'Georgia', 'Atlanta', 'United States'),
    ('888 Spruce Road', 98765, 'Washington', 'Seattle', 'United States'),
    ('999 Juniper Boulevard', 13579, 'Oregon', 'Portland', 'United States'),
    ('111 Magnolia Avenue', 45678, 'Michigan', 'Detroit', 'United States'),
    ('222 Rose Lane', 54321, 'Ohio', 'Columbus', 'United States'),
    ('333 Daisy Street', 98765, 'Indiana', 'Indianapolis', 'United States'),
    ('444 Lily Court', 23456, 'Pennsylvania', 'Philadelphia', 'United States'),
    ('555 Sunflower Road', 87654, 'New Jersey', 'Newark', 'United States'),
    ('666 Tulip Avenue', 76543, 'Virginia', 'Richmond', 'United States'),
    ('777 Poplar Lane', 43210, 'North Carolina', 'Charlotte', 'United States'),
    ('888 Oakwood Drive', 34567, 'Tennessee', 'Nashville', 'United States'),
    ('999 Pine Street', 98765, 'Kentucky', 'Louisville', 'United States'),
    ('111 Maple Avenue', 13579, 'Maryland', 'Baltimore', 'United States'),
    ('222 Cedar Road', 45678, 'Alabama', 'Birmingham', 'United States'),
    ('333 Birch Lane', 54321, 'Missouri', 'Kansas City', 'United States'),
    ('444 Elm Court', 98765, 'Louisiana', 'New Orleans', 'United States'),
    ('555 Oak Avenue', 23456, 'Minnesota', 'Minneapolis', 'United States'),
    ('666 Pine Road', 87654, 'Wisconsin', 'Milwaukee', 'United States'),
    ('777 Maple Lane', 76543, 'Oklahoma', 'Oklahoma City', 'United States'),
    ('888 Cedar Street', 43210, 'Iowa', 'Des Moines', 'United States'),
    ('999 Elm Avenue', 34567, 'Mississippi', 'Jackson', 'United States'),
    ('111 Oakwood Lane', 98765, 'Arkansas', 'Little Rock', 'United States'),
    ('222 Pine Court', 13579, 'Kansas', 'Wichita', 'United States'),
    ('333 Elm Drive', 45678, 'Utah', 'Salt Lake City', 'United States'),
    ('444 Oak Road', 54321, 'Nebraska', 'Omaha', 'United States'),
    ('555 Maple Boulevard', 98765, 'Nevada', 'Reno', 'United States'),
    ('666 Cedar Avenue', 23456, 'Hawaii', 'Honolulu', 'United States'),
    ('777 Birch Street', 87654, 'Alaska', 'Anchorage', 'United States'),
    ('888 Elm Lane', 76543, 'New Hampshire', 'Manchester', 'United States'),
    ('999 Pine Drive', 43210, 'Rhode Island', 'Providence', 'United States'),
    ('111 Cedar Avenue', 34567, 'Montana', 'Billings', 'United States'),
    ('222 Birch Court', 98765, 'Delaware', 'Wilmington', 'United States'),
    ('333 Maple Lane', 13579, 'Idaho', 'Boise', 'United States'),
    ('444 Oakwood Street', 45678, 'Maine', 'Portland', 'United States'),
    ('555 Pine Avenue', 54321, 'Wyoming', 'Cheyenne', 'United States'),
    ('666 Cedar Road', 98765, 'West Virginia', 'Charleston', 'United States'),
    ('777 Elm Lane', 23456, 'South Dakota', 'Sioux Falls', 'United States'),
    ('888 Birch Drive', 87654, 'North Dakota', 'Fargo', 'United States'),
    ('999 Maple Street', 76543, 'Vermont', 'Burlington', 'United States');

 

 

-- Inserting data into the "approved" table
INSERT INTO approved (approved_id, po_number, date, suppliername, typeofpo, value, status, action, items)
VALUES
    (1, 12345, '2023-08-10', 'ABC Suppliers', 'Regular PO', 1500.00, 'Approved', 'Forward', 10),
    (2, 67890, '2023-09-05', 'XYZ Trading', 'Urgent PO', 2200.00, 'Approved', 'Forward', 15),
    (3, 54321, '2023-10-20', 'PQR Distributors', 'Regular PO', 1800.50, 'Approved', 'Forward', 12),
    (4, 98765, '2023-11-12', 'LMN Enterprises', 'Bulk PO', 5000.00, 'Approved', 'Forward', 30),
    (5, 65432, '2023-12-01', 'EFG Corporation', 'Regular PO', 3000.00, 'Approved', 'Forward', 20),
    (6, 23456, '2023-08-20', 'HIJ Suppliers', 'Urgent PO', 2500.00, 'Approved', 'Forward', 18),
    (7, 87654, '2023-09-10', 'RST Trading', 'Regular PO', 1900.25, 'Approved', 'Forward', 16),
    (8, 45678, '2023-10-05', 'UVW Distributors', 'Bulk PO', 4000.50, 'Approved', 'Forward', 25),
    (9, 98765, '2023-11-22', 'XYZ Corporation', 'Regular PO', 2700.00, 'Approved', 'Forward', 22),
    (10, 13579, '2023-12-15', 'ABC Suppliers', 'Urgent PO', 3200.75, 'Approved', 'Forward', 14),
    (11, 54321, '2024-01-10', 'PQR Distributors', 'Regular PO', 1800.50, 'Approved', 'Forward', 12),
    (12, 98765, '2024-02-05', 'LMN Enterprises', 'Bulk PO', 4800.00, 'Approved', 'Forward', 28),
    (13, 45678, '2024-03-15', 'EFG Corporation', 'Regular PO', 2900.00, 'Approved', 'Forward', 21),
    (14, 23456, '2024-04-05', 'HIJ Suppliers', 'Urgent PO', 2300.00, 'Approved', 'Forward', 19),
    (15, 87654, '2024-05-20', 'RST Trading', 'Regular PO', 2100.75, 'Approved', 'Forward', 17),
    (16, 98765, '2024-06-10', 'UVW Distributors', 'Bulk PO', 4200.50, 'Approved', 'Forward', 26),
    (17, 54321, '2024-07-05', 'XYZ Corporation', 'Regular PO', 2400.00, 'Approved', 'Forward', 24),
    (18, 13579, '2024-08-15', 'ABC Suppliers', 'Urgent PO', 3400.25, 'Approved', 'Forward', 13),
    (19, 45678, '2024-09-12', 'PQR Distributors', 'Regular PO', 2100.50, 'Approved', 'Forward', 17),
    (20, 98765, '2024-10-01', 'LMN Enterprises', 'Bulk PO', 5200.00, 'Approved', 'Forward', 32),
    (21, 23456, '2024-11-20', 'EFG Corporation', 'Regular PO', 3500.00, 'Approved', 'Forward', 23),
    (22, 87654, '2024-12-05', 'HIJ Suppliers', 'Urgent PO', 2600.00, 'Approved', 'Forward', 20),
    (23, 98765, '2025-01-10', 'RST Trading', 'Regular PO', 2300.75, 'Approved', 'Forward', 18),
    (24, 54321, '2025-02-10', 'UVW Distributors', 'Bulk PO', 4400.50, 'Approved', 'Forward', 27),
    (25, 13579, '2025-03-05', 'XYZ Corporation', 'Regular PO', 2600.00, 'Approved', 'Forward', 20),
    (26, 45678, '2025-04-02', 'ABC Suppliers', 'Urgent PO', 3800.25, 'Approved', 'Forward', 15),
    (27, 98765, '2025-05-15', 'PQR Distributors', 'Regular PO', 2200.50, 'Approved', 'Forward', 14),
    (28, 23456, '2025-06-20', 'LMN Enterprises', 'Bulk PO', 5400.00, 'Approved', 'Forward', 33),
    (29, 87654, '2025-07-10', 'EFG Corporation', 'Regular PO', 3100.00, 'Approved', 'Forward', 19),
    (30, 98765, '2025-08-10', 'HIJ Suppliers', 'Urgent PO', 2700.75, 'Approved', 'Forward', 16),
    (31, 54321, '2025-09-05', 'RST Trading', 'Regular PO', 2600.50, 'Approved', 'Forward', 21),
    (32, 13579, '2025-10-20', 'UVW Distributors', 'Bulk PO', 4600.25, 'Approved', 'Forward', 29),
    (33, 45678, '2025-11-12', 'XYZ Corporation', 'Regular PO', 2500.00, 'Approved', 'Forward', 22),
    (34, 98765, '2025-12-10', 'ABC Suppliers', 'Urgent PO', 3700.50, 'Approved', 'Forward', 17),
    (35, 23456, '2026-01-05', 'PQR Distributors', 'Regular PO', 2000.00, 'Approved', 'Forward', 12),
    (36, 87654, '2026-02-15', 'LMN Enterprises', 'Bulk PO', 5000.00, 'Approved', 'Forward', 30),
    (37, 98765, '2026-03-20', 'EFG Corporation', 'Regular PO', 2900.25, 'Approved', 'Forward', 16),
    (38, 54321, '2026-04-05', 'HIJ Suppliers', 'Urgent PO', 2400.50, 'Approved', 'Forward', 18),
    (39, 13579, '2026-05-15', 'RST Trading', 'Regular PO', 2100.00, 'Approved', 'Forward', 13),
    (40, 45678, '2026-06-20', 'UVW Distributors', 'Bulk PO', 4800.25, 'Approved', 'Forward', 28),
    (41, 98765, '2026-07-10', 'XYZ Corporation', 'Regular PO', 2600.50, 'Approved', 'Forward', 20),
    (42, 23456, '2026-08-10', 'ABC Suppliers', 'Urgent PO', 3200.00, 'Approved', 'Forward', 15),
    (43, 87654, '2026-09-05', 'PQR Distributors', 'Regular PO', 1800.25, 'Approved', 'Forward', 12),
    (44, 98765, '2026-10-01', 'LMN Enterprises', 'Bulk PO', 5100.50, 'Approved', 'Forward', 31),
    (45, 54321, '2026-11-20', 'EFG Corporation', 'Regular PO', 3200.00, 'Approved', 'Forward', 22),
    (46, 13579, '2026-12-05', 'HIJ Suppliers', 'Urgent PO', 2800.75, 'Approved', 'Forward', 19),
    (47, 45678, '2027-01-10', 'RST Trading', 'Regular PO', 2300.50, 'Approved', 'Forward', 17),
    (48, 98765, '2027-02-10', 'UVW Distributors', 'Bulk PO', 4300.25, 'Approved', 'Forward', 25),
    (49, 23456, '2027-03-05', 'XYZ Corporation', 'Regular PO', 2500.00, 'Approved', 'Forward', 18),
    (50, 87654, '2027-04-02', 'ABC Suppliers', 'Urgent PO', 3400.75, 'Approved', 'Forward', 14);

 

 

-- Inserting data into the "attendance" table
INSERT INTO attendence (Emp_name, Emp_id, department)
VALUES
    ('John Smith', 1001, 'Marketing'),
    ('Jane Doe', 1002, 'Human Resources'),
    ('Michael Johnson', 1003, 'Finance'),
    ('Emily Wang', 1004, 'IT'),
    ('David Lee', 1005, 'Sales'),
    ('Sarah Johnson', 1006, 'Sales'),
    ('Robert Smith', 1007, 'Finance'),
    ('Emma Wilson', 1008, 'IT'),
    ('William Brown', 1009, 'Marketing'),
    ('Sophia Lee', 1010, 'Human Resources'),
    ('Daniel Chen', 1011, 'Engineering'),
    ('Olivia Kim', 1012, 'Customer Support'),
    ('Liam Nguyen', 1013, 'Operations'),
    ('Ava Gupta', 1014, 'Research'),
    ('Noah Patel', 1015, 'Sales'),
    ('Isabella Ali', 1016, 'Finance'),
    ('James Song', 1017, 'IT'),
    ('Sophie Wang', 1018, 'Marketing'),
    ('Ethan Park', 1019, 'Engineering'),
    ('Oliver Kim', 1020, 'Customer Support'),
    ('Aria Sharma', 1021, 'Operations'),
    ('Logan Gupta', 1022, 'Research'),
    ('Aiden Patel', 1023, 'Sales'),
    ('Ella Nguyen', 1024, 'Finance'),
    ('Mason Brown', 1025, 'IT'),
    ('Harper Lee', 1026, 'Marketing'),
    ('Evelyn Chen', 1027, 'Engineering'),
    ('Jackson Kim', 1028, 'Customer Support'),
    ('Luna Wang', 1029, 'Operations'),
    ('Mateo Patel', 1030, 'Research'),
    ('Grace Gupta', 1031, 'Sales'),
    ('Elijah Kim', 1032, 'Finance'),
    ('Scarlett Nguyen', 1033, 'IT'),
    ('Lucas Brown', 1034, 'Marketing'),
    ('Chloe Lee', 1035, 'Engineering'),
    ('Christian Kim', 1036, 'Customer Support'),
    ('Sofia Wang', 1037, 'Operations'),
    ('Benjamin Gupta', 1038, 'Research'),
    ('Victoria Patel', 1039, 'Sales'),
    ('Daniel Chen', 1040, 'Finance'),
    ('Sarah Johnson', 1041, 'IT'),
    ('Robert Smith', 1042, 'Marketing'),
    ('Emma Wilson', 1043, 'Engineering'),
    ('William Brown', 1044, 'Customer Support'),
    ('Sophia Lee', 1045, 'Operations'),
    ('Olivia Kim', 1046, 'Research'),
    ('Liam Nguyen', 1047, 'Sales'),
    ('Ava Gupta', 1048, 'Finance'),
    ('Noah Patel', 1049, 'IT'),
    ('Isabella Ali', 1050, 'Marketing');

 

 

-- Inserting data into the "bank_details" table
INSERT INTO bank_details (Bank_id, Bankinfo_id, Salaryinfo_id)
VALUES
    (1, 10001, 20001),
    (2, 10002, 20002),
    (3, 10003, 20003),
    (4, 10004, 20004),
    (5, 10005, 20005),
    (6, 10006, 20006),
    (7, 10007, 20007),
    (8, 10008, 20008),
    (9, 10009, 20009),
    (10, 10010, 20010),
    (11, 10011, 20011),
    (12, 10012, 20012),
    (13, 10013, 20013),
    (14, 10014, 20014),
    (15, 10015, 20015),
    (16, 10016, 20016),
    (17, 10017, 20017),
    (18, 10018, 20018),
    (19, 10019, 20019),
    (20, 10020, 20020),
    (21, 10021, 20021),
    (22, 10022, 20022),
    (23, 10023, 20023),
    (24, 10024, 20024),
    (25, 10025, 20025),
    (26, 10026, 20026),
    (27, 10027, 20027),
    (28, 10028, 20028),
    (29, 10029, 20029),
    (30, 10030, 20030),
    (31, 10031, 20031),
    (32, 10032, 20032),
    (33, 10033, 20033),
    (34, 10034, 20034),
    (35, 10035, 20035),
    (36, 10036, 20036),
    (37, 10037, 20037),
    (38, 10038, 20038),
    (39, 10039, 20039),
    (40, 10040, 20040),
    (41, 10041, 20041),
    (42, 10042, 20042),
    (43, 10043, 20043),
    (44, 10044, 20044),
    (45, 10045, 20045),
    (46, 10046, 20046),
    (47, 10047, 20047),
    (48, 10048, 20048),
    (49, 10049, 20049),
    (50, 10050, 20050);

 

-- Inserting data into the "bank_information" table
INSERT INTO bank_information (Bankinfo_id, Bank_name, Branch_account, Account_holder_name, Bank_sort_code, Account_number)
VALUES
    (10001, 'ABC Bank', 'Main Branch', 'John Smith', '12345', '9876543210'),
    (10002, 'XYZ Bank', 'City Center Branch', 'Jane Doe', '56789', '1234567890'),
    (10003, 'PQR Bank', 'Downtown Branch', 'Michael Johnson', '98765', '4567890123'),
    (10004, 'LMN Bank', 'Central Branch', 'Emily Wang', '54321', '5678901234'),
    (10005, 'EFG Bank', 'Midtown Branch', 'David Lee', '45678', '6789012345'),
    (10006, 'HIJ Bank', 'Uptown Branch', 'Sarah Johnson', '87654', '7890123456'),
    (10007, 'RST Bank', 'East Branch', 'Robert Smith', '65432', '8901234567'),
    (10008, 'UVW Bank', 'West Branch', 'Emma Wilson', '23456', '9012345678'),
    (10009, 'MNO Bank', 'South Branch', 'William Brown', '78901', '0123456789'),
    (10010, 'DEF Bank', 'North Branch', 'Sophia Lee', '34567', '2345678901'),
    (10011, 'GHI Bank', 'Central Branch', 'Daniel Chen', '90123', '3456789012'),
    (10012, 'JKL Bank', 'Downtown Branch', 'Olivia Kim', '56789', '4567890123'),
    (10013, 'STU Bank', 'City Center Branch', 'Liam Nguyen', '43210', '5678901234'),
    (10014, 'NOP Bank', 'Midtown Branch', 'Ava Gupta', '98765', '6789012345'),
    (10015, 'VWX Bank', 'Main Branch', 'Noah Patel', '10987', '7890123456'),
    (10016, 'QWE Bank', 'Uptown Branch', 'Isabella Ali', '87654', '8901234567'),
    (10017, 'TYU Bank', 'East Branch', 'James Song', '65432', '9012345678'),
    (10018, 'IOP Bank', 'West Branch', 'Sophie Wang', '23456', '0123456789'),
    (10019, 'QAZ Bank', 'South Branch', 'Ethan Park', '78901', '1234567890'),
    (10020, 'WSX Bank', 'North Branch', 'Oliver Kim', '34567', '2345678901'),
    (10021, 'EDC Bank', 'Central Branch', 'Aria Sharma', '90123', '3456789012'),
    (10022, 'RFV Bank', 'Downtown Branch', 'Logan Gupta', '56789', '4567890123'),
    (10023, 'TGB Bank', 'City Center Branch', 'Aiden Patel', '43210', '5678901234'),
    (10024, 'YHN Bank', 'Midtown Branch', 'Ella Nguyen', '87654', '6789012345'),
    (10025, 'UJM Bank', 'Main Branch', 'Mason Brown', '10987', '7890123456'),
    (10026, 'IKL Bank', 'Uptown Branch', 'Harper Lee', '65432', '8901234567'),
    (10027, 'XSW Bank', 'East Branch', 'Evelyn Chen', '23456', '9012345678'),
    (10028, 'POI Bank', 'West Branch', 'Jackson Kim', '78901', '0123456789'),
    (10029, 'LKM Bank', 'South Branch', 'Luna Wang', '34567', '1234567890'),
    (10030, 'FDE Bank', 'North Branch', 'Mateo Patel', '90123', '2345678901'),
    (10031, 'QWE Bank', 'Central Branch', 'Grace Gupta', '56789', '3456789012'),
    (10032, 'VBG Bank', 'Downtown Branch', 'Elijah Kim', '43210', '4567890123'),
    (10033, 'BNM Bank', 'City Center Branch', 'Scarlett Nguyen', '87654', '5678901234'),
    (10034, 'IKJ Bank', 'Midtown Branch', 'Lucas Brown', '10987', '6789012345'),
    (10035, 'WED Bank', 'Main Branch', 'Chloe Lee', '65432', '7890123456'),
    (10036, 'KIO Bank', 'Uptown Branch', 'Christian Kim', '23456', '8901234567'),
    (10037, 'THY Bank', 'East Branch', 'Sofia Wang', '78901', '9012345678'),
    (10038, 'LMN Bank', 'West Branch', 'Benjamin Gupta', '34567', '0123456789'),
    (10039, 'ZXC Bank', 'South Branch', 'Victoria Patel', '90123', '1234567890'),
    (10040, 'POU Bank', 'North Branch', 'Daniel Chen', '56789', '2345678901'),
    (10041, 'YGH Bank', 'Central Branch', 'Sarah Johnson', '87654', '3456789012'),
    (10042, 'LOI Bank', 'Downtown Branch', 'Robert Smith', '43210', '4567890123'),
    (10043, 'MJK Bank', 'City Center Branch', 'Emma Wilson', '10987', '5678901234'),
    (10044, 'QAZ Bank', 'Midtown Branch', 'William Brown', '65432', '6789012345'),
    (10045, 'EDC Bank', 'Main Branch', 'Sophia Lee', '23456', '7890123456'),
    (10046, 'RFV Bank', 'Uptown Branch', 'Olivia Kim', '78901', '8901234567'),
    (10047, 'TGB Bank', 'East Branch', 'Liam Nguyen', '34567', '9012345678'),
    (10048, 'YHN Bank', 'West Branch', 'Ava Gupta', '90123', '0123456789'),
    (10049, 'UJM Bank', 'South Branch', 'Noah Patel', '56789', '1234567890'),
    (10050, 'IKL Bank', 'North Branch', 'Isabella Ali', '87654', '2345678901');

 

 

-- Inserting data into the "basicinformation" table
INSERT INTO basicinformation (business_name, mobile_no, telephone, email, fax, trade_name)
VALUES
    ('ABC Corporation', 1234567890, 1122334455, 'abc@example.com', '2233445566', 'ABC Corp'),
    ('XYZ Enterprises', 9876543210, 5566778899, 'xyz@example.com', '9988776655', 'XYZ Ent'),
    ('PQR Inc.', 4567890123, 4455667788, 'pqr@example.com', '8899776655', 'PQR Inc.'),
    ('LMN Ltd.', 7890123456, 7788990011, 'lmn@example.com', '1100998877', 'LMN Ltd.'),
    ('EFG Solutions', 5678901234, 9900112233, 'efg@example.com', '3322110099', 'EFG Solutions'),
    ('HIJ Services', 9012345678, 3322110044, 'hij@example.com', '4400112233', 'HIJ Serv'),
    ('RST Industries', 2345678901, 1100223344, 'rst@example.com', '4433221100', 'RST Ind'),
    ('UVW Ventures', 8901234567, 8877665544, 'uvw@example.com', '4455667788', 'UVW Vent'),
    ('MNO Corporation', 3456789012, 5566778899, 'mno@example.com', '8899776655', 'MNO Corp'),
    ('DEF Enterprises', 9012345678, 3344556677, 'def@example.com', '7766554433', 'DEF Ent'),
    ('GHI Inc.', 5678901234, 4455667788, 'ghi@example.com', '8877665544', 'GHI Inc.'),
    ('JKL Ltd.', 1234567890, 1122334455, 'jkl@example.com', '2233445566', 'JKL Ltd.'),
    ('STU Solutions', 9012345678, 3344556677, 'stu@example.com', '7766554433', 'STU Sol'),
    ('NOP Services', 5678901234, 4455667788, 'nop@example.com', '8877665544', 'NOP Serv'),
    ('VWX Industries', 8901234567, 8877665544, 'vwx@example.com', '4455667788', 'VWX Ind'),
    ('QWE Ventures', 2345678901, 1100223344, 'qwe@example.com', '4433221100', 'QWE Vent'),
    ('TYU Corporation', 7890123456, 7788990011, 'tyu@example.com', '1100998877', 'TYU Corp'),
    ('IOP Enterprises', 9012345678, 3344556677, 'iop@example.com', '7766554433', 'IOP Ent'),
    ('QAZ Inc.', 5678901234, 4455667788, 'qaz@example.com', '8877665544', 'QAZ Inc.'),
    ('WSX Ltd.', 1234567890, 1122334455, 'wsx@example.com', '2233445566', 'WSX Ltd.'),
    ('EDC Solutions', 9012345678, 3344556677, 'edc@example.com', '7766554433', 'EDC Sol'),
    ('RFV Services', 5678901234, 4455667788, 'rfv@example.com', '8877665544', 'RFV Serv'),
    ('TGB Industries', 8901234567, 8877665544, 'tgb@example.com', '4455667788', 'TGB Ind'),
    ('YHN Ventures', 2345678901, 1100223344, 'yhn@example.com', '4433221100', 'YHN Vent'),
    ('UJM Corporation', 7890123456, 7788990011, 'ujm@example.com', '1100998877', 'UJM Corp'),
    ('IKL Enterprises', 9012345678, 3344556677, 'ikl@example.com', '7766554433', 'IKL Ent'),
    ('XSW Inc.', 5678901234, 4455667788, 'xsw@example.com', '8877665544', 'XSW Inc.'),
    ('POI Ltd.', 1234567890, 1122334455, 'poi@example.com', '2233445566', 'POI Ltd.'),
    ('LKM Solutions', 9012345678, 3344556677, 'lkm@example.com', '7766554433', 'LKM Sol'),
    ('FDE Services', 5678901234, 4455667788, 'fde@example.com', '8877665544', 'FDE Serv'),
    ('QWE Industries', 8901234567, 8877665544, 'qwe@example.com', '4455667788', 'QWE Ind'),
    ('VBG Ventures', 2345678901, 1100223344, 'vbg@example.com', '4433221100', 'VBG Vent'),
    ('BNM Corporation', 7890123456, 7788990011, 'bnm@example.com', '1100998877', 'BNM Corp'),
    ('IKJ Enterprises', 9012345678, 3344556677, 'ikj@example.com', '7766554433', 'IKJ Ent'),
    ('LOI Inc.', 5678901234, 4455667788, 'loi@example.com', '8877665544', 'LOI Inc.'),
    ('MJK Ltd.', 1234567890, 1122334455, 'mjk@example.com', '2233445566', 'MJK Ltd.'),
    ('QAZ Solutions', 9012345678, 3344556677, 'qaz@example.com', '7766554433', 'QAZ Sol'),
    ('EDC Services', 5678901234, 4455667788, 'edc@example.com', '8877665544', 'EDC Serv'),
    ('RFV Industries', 8901234567, 8877665544, 'rfv@example.com', '4455667788', 'RFV Ind'),
    ('TGB Ventures', 2345678901, 1100223344, 'tgb@example.com', '4433221100', 'TGB Vent'),
    ('YHN Corporation', 7890123456, 7788990011, 'yhn@example.com', '1100998877', 'YHN Corp'),
    ('UJM Enterprises', 9012345678, 3344556677, 'ujm@example.com', '7766554433', 'UJM Ent'),
    ('IKL Inc.', 5678901234, 4455667788, 'ikl@example.com', '8877665544', 'IKL Inc.'),
    ('XSW Ltd.', 1234567890, 1122334455, 'xsw@example.com', '2233445566', 'XSW Ltd.'),
    ('POU Solutions', 9012345678, 3344556677, 'pou@example.com', '7766554433', 'POU Sol'),
    ('YGH Services', 5678901234, 4455667788, 'ygh@example.com', '8877665544', 'YGH Serv'),
    ('LOI Industries', 8901234567, 8877665544, 'loi@example.com', '4455667788', 'LOI Ind'),
    ('MJK Ventures', 2345678901, 1100223344, 'mjk@example.com', '4433221100', 'MJK Vent'),
    ('QAZ Corporation', 7890123456, 7788990011, 'qaz@example.com', '1100998877', 'QAZ Corp'),
    ('WSX Enterprises', 9012345678, 3344556677, 'wsx@example.com', '7766554433', 'WSX Ent'),
    ('EDC Inc.', 5678901234, 4455667788, 'edc@example.com', '8877665544', 'EDC Inc.'),
    ('RFV Ltd.', 1234567890, 1122334455, 'rfv@example.com', '2233445566', 'RFV Ltd.'),
    ('TGB Solutions', 9012345678, 3344556677, 'tgb@example.com', '7766554433', 'TGB Sol');

 

 

-- Inserting data into the "carddepositdetail" table
INSERT INTO carddepositdetail (card_id, cardtype, depositdate, amount, apiamount, full_match, partial_match, notereason)
VALUES
    (1, 'Credit Card', '2023-01-15', 1000.00, 980.00, 1, 0, NULL),
    (2, 'Debit Card', '2023-02-28', 500.50, 495.25, 1, 0, NULL),
    (3, 'Credit Card', '2023-03-10', 800.00, 780.00, 1, 0, NULL),
    (4, 'Debit Card', '2023-04-05', 300.75, 300.75, 1, 1, 'Full Match'),
    (5, 'Credit Card', '2023-05-20', 1200.50, 1198.00, 0, 1, 'Amount Mismatch'),
    (6, 'Credit Card', '2023-06-15', 750.25, 750.25, 1, 1, 'Full Match'),
    (7, 'Debit Card', '2023-07-10', 400.00, 395.00, 1, 0, NULL),
    (8, 'Credit Card', '2023-08-18', 950.75, 940.00, 1, 0, NULL),
    (9, 'Debit Card', '2023-09-05', 250.50, 250.00, 0, 1, 'Amount Mismatch'),
    (10, 'Credit Card', '2023-10-22', 1100.00, 1098.50, 1, 0, NULL),
    (11, 'Debit Card', '2023-11-15', 350.25, 350.25, 1, 1, 'Full Match'),
    (12, 'Credit Card', '2023-12-30', 900.50, 900.00, 0, 1, 'Amount Mismatch'),
    (13, 'Debit Card', '2024-01-08', 150.00, 149.50, 1, 0, NULL),
    (14, 'Credit Card', '2024-02-25', 1350.25, 1345.00, 1, 0, NULL),
    (15, 'Credit Card', '2024-03-12', 850.00, 850.00, 1, 1, 'Full Match'),
    (16, 'Debit Card', '2024-04-05', 220.75, 220.75, 1, 1, 'Full Match'),
    (17, 'Credit Card', '2024-05-18', 970.50, 960.00, 1, 0, NULL),
    (18, 'Debit Card', '2024-06-10', 280.25, 280.25, 1, 1, 'Full Match'),
    (19, 'Credit Card', '2024-07-25', 1120.00, 1118.50, 1, 0, NULL),
    (20, 'Debit Card', '2024-08-12', 400.50, 398.00, 0, 1, 'Amount Mismatch'),
    (21, 'Credit Card', '2024-09-08', 1800.00, 1798.50, 1, 0, NULL),
    (22, 'Debit Card', '2024-10-15', 670.25, 670.00, 1, 1, 'Full Match'),
    (23, 'Credit Card', '2024-11-22', 2200.50, 2198.00, 0, 1, 'Amount Mismatch'),
    (24, 'Credit Card', '2024-12-10', 950.75, 940.00, 1, 0, NULL),
    (25, 'Debit Card', '2025-01-18', 550.50, 545.25, 1, 0, NULL),
    (26, 'Credit Card', '2025-02-15', 820.25, 820.25, 1, 1, 'Full Match'),
    (27, 'Debit Card', '2025-03-10', 700.00, 698.50, 1, 0, NULL),
    (28, 'Credit Card', '2025-04-28', 1250.25, 1245.00, 1, 0, NULL),
    (29, 'Credit Card', '2025-05-12', 850.00, 850.00, 1, 1, 'Full Match'),
    (30, 'Debit Card', '2025-06-05', 320.75, 320.75, 1, 1, 'Full Match'),
    (31, 'Credit Card', '2025-07-18', 970.50, 960.00, 1, 0, NULL),
    (32, 'Debit Card', '2025-08-10', 380.25, 380.25, 1, 1, 'Full Match'),
    (33, 'Credit Card', '2025-09-25', 1320.00, 1318.50, 1, 0, NULL),
    (34, 'Credit Card', '2025-10-12', 950.50, 950.00, 0, 1, 'Amount Mismatch'),
    (35, 'Debit Card', '2025-11-28', 550.00, 545.00, 1, 0, NULL),
    (36, 'Credit Card', '2025-12-05', 820.25, 820.25, 1, 1, 'Full Match'),
    (37, 'Debit Card', '2026-01-18', 700.50, 698.00, 0, 1, 'Amount Mismatch'),
    (38, 'Credit Card', '2026-02-10', 1250.75, 1250.75, 1, 1, 'Full Match'),
    (39, 'Credit Card', '2026-03-28', 850.00, 850.00, 1, 1, 'Full Match'),
    (40, 'Debit Card', '2026-04-05', 320.75, 320.00, 0, 1, 'Amount Mismatch'),
    (41, 'Credit Card', '2026-05-18', 1070.50, 1060.00, 1, 0, NULL),
    (42, 'Debit Card', '2026-06-10', 400.25, 400.25, 1, 1, 'Full Match'),
    (43, 'Credit Card', '2026-07-25', 1320.00, 1318.50, 1, 0, NULL),
    (44, 'Credit Card', '2026-08-12', 950.50, 950.00, 0, 1, 'Amount Mismatch'),
    (45, 'Debit Card', '2026-09-28', 550.00, 545.00, 1, 0, NULL),
    (46, 'Credit Card', '2026-10-05', 820.25, 820.25, 1, 1, 'Full Match'),
    (47, 'Debit Card', '2026-11-18', 700.50, 698.00, 0, 1, 'Amount Mismatch'),
    (48, 'Credit Card', '2026-12-10', 1250.75, 1250.75, 1, 1, 'Full Match'),
    (49, 'Credit Card', '2027-01-28', 850.00, 850.00, 1, 1, 'Full Match'),
    (50, 'Debit Card', '2027-02-05', 320.75, 320.00, 0, 1, 'Amount Mismatch');

 

-- Inserting data into the "cardreconciliation" table
INSERT INTO cardreconciliation (card_id, bankingdate, bankingday, cardamount, difference, apitotal)
VALUES
    (1, '2023-01-01', 'Monday', 1000.00, 0.00, 1000.00),
    (2, '2023-01-02', 'Tuesday', 500.50, 0.00, 500.50),
    (3, '2023-01-03', 'Wednesday', 800.00, 0.00, 800.00),
    (4, '2023-01-04', 'Thursday', 300.75, 0.00, 300.75),
    (5, '2023-01-05', 'Friday', 1200.50, 0.00, 1200.50),
    (6, '2023-01-06', 'Saturday', 750.25, 0.00, 750.25),
    (7, '2023-01-07', 'Sunday', 400.00, 0.00, 400.00),
    (8, '2023-01-08', 'Monday', 950.75, 0.00, 950.75),
    (9, '2023-01-09', 'Tuesday', 250.50, 0.00, 250.50),
    (10, '2023-01-10', 'Wednesday', 1100.00, 0.00, 1100.00),
    (11, '2023-01-11', 'Thursday', 350.25, 0.00, 350.25),
    (12, '2023-01-12', 'Friday', 900.50, 0.00, 900.50),
    (13, '2023-01-13', 'Saturday', 150.00, 0.00, 150.00),
    (14, '2023-01-14', 'Sunday', 1350.25, 0.00, 1350.25),
    (15, '2023-01-15', 'Monday', 850.00, 0.00, 850.00),
    (16, '2023-01-16', 'Tuesday', 220.75, 0.00, 220.75),
    (17, '2023-01-17', 'Wednesday', 970.50, 0.00, 970.50),
    (18, '2023-01-18', 'Thursday', 280.25, 0.00, 280.25),
    (19, '2023-01-19', 'Friday', 1120.00, 0.00, 1120.00),
    (20, '2023-01-20', 'Saturday', 400.50, 0.00, 400.50),
    (21, '2023-01-21', 'Sunday', 1800.00, 0.00, 1800.00),
    (22, '2023-01-22', 'Monday', 670.25, 0.00, 670.25),
    (23, '2023-01-23', 'Tuesday', 2200.50, 0.00, 2200.50),
    (24, '2023-01-24', 'Wednesday', 950.75, 0.00, 950.75),
    (25, '2023-01-25', 'Thursday', 550.50, 0.00, 550.50),
    (26, '2023-01-26', 'Friday', 820.25, 0.00, 820.25),
    (27, '2023-01-27', 'Saturday', 700.00, 0.00, 700.00),
    (28, '2023-01-28', 'Sunday', 1250.25, 0.00, 1250.25),
    (29, '2023-01-29', 'Monday', 850.00, 0.00, 850.00),
    (30, '2023-01-30', 'Tuesday', 320.75, 0.00, 320.75),
    (31, '2023-01-31', 'Wednesday', 970.50, 0.00, 970.50),
    (32, '2023-02-01', 'Thursday', 380.25, 0.00, 380.25),
    (33, '2023-02-02', 'Friday', 1320.00, 0.00, 1320.00),
    (34, '2023-02-03', 'Saturday', 950.50, 0.00, 950.50),
    (35, '2023-02-04', 'Sunday', 550.00, 0.00, 550.00),
    (36, '2023-02-05', 'Monday', 820.25, 0.00, 820.25),
    (37, '2023-02-06', 'Tuesday', 700.50, 0.00, 700.50),
    (38, '2023-02-07', 'Wednesday', 1250.75, 0.00, 1250.75),
    (39, '2023-02-08', 'Thursday', 850.00, 0.00, 850.00),
    (40, '2023-02-09', 'Friday', 320.75, 0.00, 320.75),
    (41, '2023-02-10', 'Saturday', 1070.50, 0.00, 1070.50),
    (42, '2023-02-11', 'Sunday', 400.25, 0.00, 400.25),
    (43, '2023-02-12', 'Monday', 1320.00, 0.00, 1320.00),
    (44, '2023-02-13', 'Tuesday', 950.50, 0.00, 950.50),
    (45, '2023-02-14', 'Wednesday', 550.00, 0.00, 550.00),
    (46, '2023-02-15', 'Thursday', 820.25, 0.00, 820.25),
    (47, '2023-02-16', 'Friday', 700.50, 0.00, 700.50),
    (48, '2023-02-17', 'Saturday', 1250.75, 0.00, 1250.75),
    (49, '2023-02-18', 'Sunday', 850.00, 0.00, 850.00),
    (50, '2023-02-19', 'Monday', 320.75, 0.00, 320.75);

 

-- Inserting data into the "cashreconciliation" table
INSERT INTO cashreconciliation (cashreconciliation_id, cash_id, bankingdate, bankingtotal, bankedtotal, difference, bankingday)
VALUES
    (1, 10001, '2023-01-01', 2000.00, 1800.00, 200.00, 'Monday'),
    (2, 10002, '2023-01-02', 1500.50, 1500.50, 0.00, 'Tuesday'),
    (3, 10003, '2023-01-03', 1800.00, 1700.00, 100.00, 'Wednesday'),
    (4, 10004, '2023-01-04', 1000.75, 1000.75, 0.00, 'Thursday'),
    (5, 10005, '2023-01-05', 2200.50, 2200.50, 0.00, 'Friday'),
    (6, 10006, '2023-01-06', 1500.25, 1400.25, 100.00, 'Saturday'),
    (7, 10007, '2023-01-07', 1300.00, 1300.00, 0.00, 'Sunday'),
    (8, 10008, '2023-01-08', 1700.75, 1600.75, 100.00, 'Monday'),
    (9, 10009, '2023-01-09', 900.50, 900.50, 0.00, 'Tuesday'),
    (10, 10010, '2023-01-10', 2500.00, 2500.00, 0.00, 'Wednesday'),
    (11, 10011, '2023-01-11', 1200.25, 1200.25, 0.00, 'Thursday'),
    (12, 10012, '2023-01-12', 1800.50, 1700.50, 100.00, 'Friday'),
    (13, 10013, '2023-01-13', 800.00, 800.00, 0.00, 'Saturday'),
    (14, 10014, '2023-01-14', 2600.25, 2600.25, 0.00, 'Sunday'),
    (15, 10015, '2023-01-15', 1500.00, 1400.00, 100.00, 'Monday'),
    (16, 10016, '2023-01-16', 700.75, 700.75, 0.00, 'Tuesday'),
    (17, 10017, '2023-01-17', 2000.50, 1900.50, 100.00, 'Wednesday'),
    (18, 10018, '2023-01-18', 500.25, 500.25, 0.00, 'Thursday'),
    (19, 10019, '2023-01-19', 2300.00, 2300.00, 0.00, 'Friday'),
    (20, 10020, '2023-01-20', 1100.50, 1000.50, 100.00, 'Saturday'),
    (21, 10021, '2023-01-21', 1000.00, 1000.00, 0.00, 'Sunday'),
    (22, 10022, '2023-01-22', 1800.25, 1700.25, 100.00, 'Monday'),
    (23, 10023, '2023-01-23', 950.50, 950.50, 0.00, 'Tuesday'),
    (24, 10024, '2023-01-24', 3000.75, 3000.75, 0.00, 'Wednesday'),
    (25, 10025, '2023-01-25', 1700.50, 1700.50, 0.00, 'Thursday'),
    (26, 10026, '2023-01-26', 2200.25, 2100.25, 100.00, 'Friday'),
    (27, 10027, '2023-01-27', 700.00, 700.00, 0.00, 'Saturday'),
    (28, 10028, '2023-01-28', 2800.25, 2800.25, 0.00, 'Sunday'),
    (29, 10029, '2023-01-29', 1500.00, 1400.00, 100.00, 'Monday'),
    (30, 10030, '2023-01-30', 450.75, 450.75, 0.00, 'Tuesday'),
    (31, 10031, '2023-01-31', 2100.50, 2000.50, 100.00, 'Wednesday'),
    (32, 10032, '2023-02-01', 1800.00, 1800.00, 0.00, 'Wednesday'),
    (33, 10033, '2023-02-02', 950.50, 950.50, 0.00, 'Thursday'),
    (34, 10034, '2023-02-03', 750.00, 750.00, 0.00, 'Friday'),
    (35, 10035, '2023-02-04', 1200.50, 1200.50, 0.00, 'Saturday'),
    (36, 10036, '2023-02-05', 1100.25, 1100.25, 0.00, 'Sunday'),
    (37, 10037, '2023-02-06', 700.00, 700.00, 0.00, 'Monday'),
    (38, 10038, '2023-02-07', 1350.75, 1350.75, 0.00, 'Tuesday'),
    (39, 10039, '2023-02-08', 950.00, 950.00, 0.00, 'Wednesday'),
    (40, 10040, '2023-02-09', 550.75, 550.75, 0.00, 'Thursday'),
    (41, 10041, '2023-02-10', 2000.50, 2000.50, 0.00, 'Friday'),
    (42, 10042, '2023-02-11', 1000.25, 1000.25, 0.00, 'Saturday'),
    (43, 10043, '2023-02-12', 2300.50, 2300.50, 0.00, 'Sunday'),
    (44, 10044, '2023-02-13', 1500.00, 1500.00, 0.00, 'Monday'),
    (45, 10045, '2023-02-14', 950.25, 950.25, 0.00, 'Tuesday'),
    (46, 10046, '2023-02-15', 2800.75, 2800.75, 0.00, 'Wednesday'),
    (47, 10047, '2023-02-16', 1400.50, 1400.50, 0.00, 'Thursday'),
    (48, 10048, '2023-02-17', 2600.25, 2600.25, 0.00, 'Friday'),
    (49, 10049, '2023-02-18', 800.00, 800.00, 0.00, 'Saturday'),
    (50, 10050, '2023-02-19', 1700.50, 1700.50, 0.00, 'Sunday');

 

 

-- Inserting data into the "reconciliation" table
INSERT INTO reconciliation (reconciliation_id, cash, card, thirdparty, totalamount)
VALUES
    (1, 1000.00, 500.00, 200.00, 1700.00),
    (2, 800.50, 600.25, 150.75, 1551.50),
    (3, 1200.00, 700.50, 250.00, 2150.50),
    (4, 950.75, 450.25, 180.50, 1581.50),
    (5, 1300.50, 850.75, 300.25, 2451.50),
    (6, 750.25, 400.00, 120.25, 1270.50),
    (7, 1000.00, 650.50, 200.00, 1850.50),
    (8, 850.75, 500.25, 150.00, 1501.00),
    (9, 600.50, 350.00, 100.50, 1051.00),
    (10, 1100.00, 800.75, 280.25, 2181.00),
    (11, 500.25, 250.50, 70.00, 820.75),
    (12, 1350.50, 950.00, 320.00, 2620.50),
    (13, 900.00, 600.25, 180.75, 1681.00),
    (14, 1600.25, 1200.00, 380.25, 3180.50),
    (15, 750.00, 500.50, 150.25, 1400.75),
    (16, 800.75, 600.25, 200.50, 1601.50),
    (17, 1150.50, 850.00, 270.00, 2270.50),
    (18, 850.25, 400.50, 150.25, 1401.00),
    (19, 1400.50, 1000.25, 380.00, 2780.75),
    (20, 650.00, 300.75, 120.25, 1071.00),
    (21, 1200.25, 850.00, 250.00, 2300.25),
    (22, 850.00, 500.75, 180.25, 1531.00),
    (23, 1550.50, 1100.25, 340.00, 2990.75),
    (24, 900.00, 600.25, 180.50, 1680.75),
    (25, 1750.75, 1300.50, 400.00, 3451.25),
    (26, 950.50, 700.00, 200.00, 1850.50),
    (27, 1900.25, 1400.50, 480.25, 2781.00),
    (28, 750.00, 500.25, 180.00, 1430.25),
    (29, 1400.50, 1000.75, 320.00, 2721.25),
    (30, 800.25, 500.50, 150.25, 1451.00),
    (31, 2200.50, 1600.25, 450.00, 4250.75),
    (32, 950.00, 700.75, 200.00, 1850.75),
    (33, 2400.75, 1800.50, 550.25, 4751.50),
    (34, 800.50, 550.00, 170.25, 1520.75),
    (35, 1300.25, 950.75, 300.00, 2551.00),
    (36, 700.00, 400.25, 130.25, 1230.50),
    (37, 1800.75, 1300.00, 420.00, 3520.75),
    (38, 900.00, 600.50, 180.50, 1681.00),
    (39, 2000.50, 1500.25, 480.00, 3980.75),
    (40, 750.25, 500.00, 150.50, 1400.75),
    (41, 1600.50, 1200.00, 350.00, 3150.50),
    (42, 850.00, 600.75, 200.25, 1651.00),
    (43, 1800.25, 1400.50, 450.50, 3651.25),
    (44, 900.00, 650.25, 180.75, 1731.00),
    (45, 2200.50, 1600.75, 520.00, 4321.25),
    (46, 800.75, 550.50, 170.00, 1521.25),
    (47, 1400.50, 950.25, 300.25, 2651.00),
    (48, 750.25, 400.00, 120.25, 1270.50),
    (49, 1800.00, 1300.75, 420.50, 3521.25),
    (50, 850.50, 600.25, 180.00, 1630.75);

 

 

-- Inserting data into the "cashdepositdetail" table
INSERT INTO cashdepositdetail (cash_id, cashdeposit_id, depositdate, depositday, cash, full_match, partialmatch, notereason)
VALUES
    (10001, 1, '2023-01-05', 'Wednesday', 500.00, 1, 0, NULL),
    (10002, 2, '2023-01-10', 'Monday', 300.50, 1, 0, NULL),
    (10003, 3, '2023-01-15', 'Saturday', 200.25, 1, 1, 'Full Match'),
    (10004, 4, '2023-01-20', 'Thursday', 450.75, 0, 1, 'Amount Mismatch'),
    (10005, 5, '2023-01-25', 'Tuesday', 600.50, 1, 0, NULL),
    (10006, 6, '2023-01-30', 'Sunday', 750.00, 1, 0, NULL),
    (10007, 7, '2023-02-05', 'Friday', 400.25, 1, 1, 'Full Match'),
    (10008, 8, '2023-02-10', 'Wednesday', 550.50, 1, 0, NULL),
    (10009, 9, '2023-02-15', 'Monday', 700.75, 1, 0, NULL),
    (10010, 10, '2023-02-20', 'Saturday', 950.50, 0, 1, 'Amount Mismatch'),
    (10011, 11, '2023-02-25', 'Thursday', 800.00, 1, 0, NULL),
    (10012, 12, '2023-03-02', 'Tuesday', 300.25, 1, 1, 'Full Match'),
    (10013, 13, '2023-03-07', 'Sunday', 400.50, 1, 0, NULL),
    (10014, 14, '2023-03-12', 'Friday', 550.75, 1, 0, NULL),
    (10015, 15, '2023-03-17', 'Wednesday', 750.50, 1, 0, NULL),
    (10016, 16, '2023-03-22', 'Monday', 900.00, 0, 1, 'Amount Mismatch'),
    (10017, 17, '2023-03-27', 'Saturday', 600.25, 1, 1, 'Full Match'),
    (10018, 18, '2023-04-01', 'Thursday', 700.50, 1, 0, NULL),
    (10019, 19, '2023-04-06', 'Tuesday', 850.75, 1, 0, NULL),
    (10020, 20, '2023-04-11', 'Sunday', 950.50, 0, 1, 'Amount Mismatch'),
    (10021, 21, '2023-04-16', 'Friday', 800.00, 1, 0, NULL),
    (10022, 22, '2023-04-21', 'Wednesday', 350.25, 1, 1, 'Full Match'),
    (10023, 23, '2023-04-26', 'Monday', 450.50, 1, 0, NULL),
    (10024, 24, '2023-05-01', 'Saturday', 650.75, 1, 0, NULL),
    (10025, 25, '2023-05-06', 'Thursday', 750.50, 1, 0, NULL),
    (10026, 26, '2023-05-11', 'Tuesday', 950.00, 0, 1, 'Amount Mismatch'),
    (10027, 27, '2023-05-16', 'Sunday', 800.25, 1, 1, 'Full Match'),
    (10028, 28, '2023-05-21', 'Friday', 700.50, 1, 0, NULL),
    (10029, 29, '2023-05-26', 'Wednesday', 850.75, 1, 0, NULL),
    (10030, 30, '2023-05-31', 'Monday', 950.50, 0, 1, 'Amount Mismatch'),
    (10031, 31, '2023-06-05', 'Saturday', 1000.00, 1, 0, NULL),
    (10032, 32, '2023-06-10', 'Thursday', 800.50, 1, 0, NULL),
    (10033, 33, '2023-06-15', 'Tuesday', 600.25, 1, 1, 'Full Match'),
    (10034, 34, '2023-06-20', 'Sunday', 450.75, 0, 1, 'Amount Mismatch'),
    (10035, 35, '2023-06-25', 'Friday', 700.50, 1, 0, NULL),
    (10036, 36, '2023-06-30', 'Wednesday', 850.00, 1, 0, NULL),
    (10037, 37, '2023-07-05', 'Monday', 950.25, 1, 1, 'Full Match'),
    (10038, 38, '2023-07-10', 'Saturday', 1200.50, 1, 0, NULL),
    (10039, 39, '2023-07-15', 'Thursday', 1000.75, 1, 0, NULL),
    (10040, 40, '2023-07-20', 'Tuesday', 750.50, 0, 1, 'Amount Mismatch'),
    (10041, 41, '2023-07-25', 'Sunday', 900.00, 1, 0, NULL),
    (10042, 42, '2023-07-30', 'Friday', 350.25, 1, 1, 'Full Match'),
    (10043, 43, '2023-08-05', 'Wednesday', 450.50, 1, 0, NULL),
    (10044, 44, '2023-08-10', 'Monday', 650.75, 1, 0, NULL),
    (10045, 45, '2023-08-15', 'Saturday', 750.50, 1, 0, NULL),
    (10046, 46, '2023-08-20', 'Thursday', 950.00, 0, 1, 'Amount Mismatch'),
    (10047, 47, '2023-08-25', 'Tuesday', 800.25, 1, 1, 'Full Match'),
    (10048, 48, '2023-08-30', 'Sunday', 700.50, 1, 0, NULL),
    (10049, 49, '2023-09-05', 'Friday', 850.75, 1, 0, NULL),
    (10050, 50, '2023-09-10', 'Wednesday', 950.50, 0, 1, 'Amount Mismatch');

 

-- Inserting data into the "cashpdq" table
INSERT INTO cashpdq (cashpdq_id, date, time, totalpettycash, totaltill, totalpdq, totalwageadvance)
VALUES
    (1, '2023-01-05', '08:30 AM', 200.00, 500.00, 300.00, 150.00),
    (2, '2023-01-06', '09:15 AM', 250.00, 600.00, 350.00, 200.00),
    (3, '2023-01-07', '10:00 AM', 300.00, 700.00, 400.00, 250.00),
    (4, '2023-01-08', '11:30 AM', 180.00, 550.00, 280.00, 120.00),
    (5, '2023-01-09', '12:45 PM', 220.00, 650.00, 320.00, 180.00),
    (6, '2023-01-10', '01:00 PM', 190.00, 580.00, 310.00, 160.00),
    (7, '2023-01-11', '02:30 PM', 210.00, 620.00, 350.00, 190.00),
    (8, '2023-01-12', '03:15 PM', 240.00, 680.00, 380.00, 220.00),
    (9, '2023-01-13', '04:00 PM', 270.00, 720.00, 410.00, 250.00),
    (10, '2023-01-14', '05:30 PM', 230.00, 670.00, 360.00, 200.00),
    (11, '2023-01-15', '06:45 PM', 260.00, 710.00, 390.00, 230.00),
    (12, '2023-01-16', '08:00 AM', 180.00, 540.00, 290.00, 120.00),
    (13, '2023-01-17', '09:15 AM', 220.00, 600.00, 330.00, 180.00),
    (14, '2023-01-18', '10:30 AM', 250.00, 650.00, 370.00, 210.00),
    (15, '2023-01-19', '11:45 AM', 200.00, 560.00, 300.00, 150.00),
    (16, '2023-01-20', '12:30 PM', 230.00, 610.00, 340.00, 190.00),
    (17, '2023-01-21', '01:45 PM', 260.00, 670.00, 380.00, 230.00),
    (18, '2023-01-22', '02:30 PM', 220.00, 620.00, 330.00, 180.00),
    (19, '2023-01-23', '03:15 PM', 250.00, 660.00, 360.00, 210.00),
    (20, '2023-01-24', '04:30 PM', 280.00, 710.00, 400.00, 240.00),
    (21, '2023-01-25', '05:45 PM', 240.00, 650.00, 350.00, 190.00),
    (22, '2023-01-26', '08:00 AM', 270.00, 700.00, 380.00, 220.00),
    (23, '2023-01-27', '09:15 AM', 230.00, 620.00, 330.00, 180.00),
    (24, '2023-01-28', '10:30 AM', 260.00, 660.00, 360.00, 210.00),
    (25, '2023-01-29', '11:45 AM', 210.00, 590.00, 310.00, 160.00),
    (26, '2023-01-30', '12:30 PM', 240.00, 640.00, 340.00, 190.00),
    (27, '2023-01-31', '01:45 PM', 270.00, 700.00, 380.00, 220.00),
    (28, '2023-02-01', '02:30 PM', 220.00, 620.00, 330.00, 180.00),
    (29, '2023-02-02', '03:15 PM', 250.00, 660.00, 360.00, 210.00),
    (30, '2023-02-03', '04:30 PM', 280.00, 720.00, 400.00, 240.00),
    (31, '2023-02-04', '05:45 PM', 240.00, 640.00, 350.00, 190.00),
    (32, '2023-02-05', '08:00 AM', 270.00, 680.00, 380.00, 220.00),
    (33, '2023-02-06', '09:15 AM', 230.00, 620.00, 330.00, 180.00),
    (34, '2023-02-07', '10:30 AM', 260.00, 670.00, 360.00, 210.00),
    (35, '2023-02-08', '11:45 AM', 220.00, 590.00, 320.00, 170.00),
    (36, '2023-02-09', '12:30 PM', 250.00, 640.00, 350.00, 190.00),
    (37, '2023-02-10', '01:45 PM', 280.00, 700.00, 390.00, 230.00),
    (38, '2023-02-11', '02:30 PM', 240.00, 630.00, 330.00, 180.00),
    (39, '2023-02-12', '03:15 PM', 270.00, 680.00, 370.00, 220.00),
    (40, '2023-02-13', '04:30 PM', 300.00, 730.00, 410.00, 260.00),
    (41, '2023-02-14', '05:45 PM', 260.00, 660.00, 350.00, 200.00),
    (42, '2023-02-15', '08:00 AM', 290.00, 710.00, 380.00, 230.00),
    (43, '2023-02-16', '09:15 AM', 250.00, 630.00, 330.00, 180.00),
    (44, '2023-02-17', '10:30 AM', 280.00, 680.00, 370.00, 220.00),
    (45, '2023-02-18', '11:45 AM', 230.00, 600.00, 320.00, 170.00),
    (46, '2023-02-19', '12:30 PM', 260.00, 650.00, 350.00, 200.00),
    (47, '2023-02-20', '01:45 PM', 290.00, 710.00, 390.00, 240.00),
    (48, '2023-02-21', '02:30 PM', 240.00, 630.00, 330.00, 180.00),
    (49, '2023-02-22', '03:15 PM', 270.00, 670.00, 360.00, 210.00),
    (50, '2023-02-23', '04:30 PM', 300.00, 730.00, 400.00, 250.00);

 

-- Inserting data into the "cashupsheet" table
INSERT INTO cashupsheet (cashupsheet_id, pendingdeposit, drafts, banked)
VALUES
    (1, 1000.00, 250.00, 750.00),
    (2, 1200.00, 350.00, 850.00),
    (3, 900.00, 200.00, 700.00),
    (4, 800.00, 150.00, 650.00),
    (5, 1100.00, 300.00, 800.00),
    (6, 950.00, 180.00, 770.00),
    (7, 1050.00, 220.00, 830.00),
    (8, 1150.00, 280.00, 870.00),
    (9, 850.00, 170.00, 680.00),
    (10, 950.00, 190.00, 760.00),
    (11, 1050.00, 210.00, 840.00),
    (12, 800.00, 140.00, 660.00),
    (13, 900.00, 180.00, 720.00),
    (14, 1000.00, 220.00, 780.00),
    (15, 1200.00, 300.00, 900.00),
    (16, 1100.00, 260.00, 840.00),
    (17, 950.00, 190.00, 760.00),
    (18, 1050.00, 220.00, 830.00),
    (19, 850.00, 160.00, 690.00),
    (20, 950.00, 200.00, 750.00),
    (21, 1050.00, 230.00, 820.00),
    (22, 800.00, 140.00, 660.00),
    (23, 900.00, 180.00, 720.00),
    (24, 1000.00, 220.00, 780.00),
    (25, 1200.00, 300.00, 900.00),
    (26, 1100.00, 260.00, 840.00),
    (27, 950.00, 190.00, 760.00),
    (28, 1050.00, 220.00, 830.00),
    (29, 850.00, 160.00, 690.00),
    (30, 950.00, 200.00, 750.00),
    (31, 1050.00, 230.00, 820.00),
    (32, 800.00, 140.00, 660.00),
    (33, 900.00, 180.00, 720.00),
    (34, 1000.00, 220.00, 780.00),
    (35, 1200.00, 300.00, 900.00),
    (36, 1100.00, 260.00, 840.00),
    (37, 950.00, 190.00, 760.00),
    (38, 1050.00, 220.00, 830.00),
    (39, 850.00, 160.00, 690.00),
    (40, 950.00, 200.00, 750.00),
    (41, 1050.00, 230.00, 820.00),
    (42, 800.00, 140.00, 660.00),
    (43, 900.00, 180.00, 720.00),
    (44, 1000.00, 220.00, 780.00),
    (45, 1200.00, 300.00, 900.00),
    (46, 1100.00, 260.00, 840.00),
    (47, 950.00, 190.00, 760.00),
    (48, 1050.00, 220.00, 830.00),
    (49, 850.00, 160.00, 690.00),
    (50, 950.00, 200.00, 750.00);

 

-- Inserting data into the "cashupsheetbanked" table
INSERT INTO cashupsheetbanked (bank_id, cashupsheet_id, bankeddate, bankedday, cashup_sheetno, girono, bankingtotal, variance, sealedby, action)
VALUES
    (1, 1, '2023-01-05', 'Wed', 1001, 101, 750.00, 0.00, 'John Smith', 'Verified'),
    (2, 2, '2023-01-06', 'Thu', 1002, 102, 850.00, 0.00, 'Jane Doe', 'Verified'),
    (3, 3, '2023-01-07', 'Fri', 1003, 103, 700.00, 0.00, 'Michael Johnson', 'Verified'),
    (4, 4, '2023-01-08', 'Sat', 1004, 104, 650.00, 0.00, 'Emily Wilson', 'Verified'),
    (5, 5, '2023-01-09', 'Sun', 1005, 105, 800.00, 0.00, 'David Brown', 'Verified'),
    (6, 6, '2023-01-10', 'Mon', 1006, 106, 770.00, 0.00, 'Emma Davis', 'Verified'),
    (7, 7, '2023-01-11', 'Tue', 1007, 107, 830.00, 0.00, 'Christopher Lee', 'Verified'),
    (8, 8, '2023-01-12', 'Wed', 1008, 108, 870.00, 0.00, 'Olivia Moore', 'Verified'),
    (9, 9, '2023-01-13', 'Thu', 1009, 109, 680.00, 0.00, 'James Wilson', 'Verified'),
    (10, 10, '2023-01-14', 'Fri', 1010, 110, 760.00, 0.00, 'Sophia Smith', 'Verified'),
    (11, 11, '2023-01-15', 'Sat', 1011, 111, 840.00, 0.00, 'William Johnson', 'Verified'),
    (12, 12, '2023-01-16', 'Sun', 1012, 112, 660.00, 0.00, 'Isabella Brown', 'Verified'),
    (13, 13, '2023-01-17', 'Mon', 1013, 113, 720.00, 0.00, 'Ethan Davis', 'Verified'),
    (14, 14, '2023-01-18', 'Tue', 1014, 114, 780.00, 0.00, 'Ava Wilson', 'Verified'),
    (15, 15, '2023-01-19', 'Wed', 1015, 115, 900.00, 0.00, 'Michael Johnson', 'Verified'),
    (16, 16, '2023-01-20', 'Thu', 1016, 116, 840.00, 0.00, 'Emily Wilson', 'Verified'),
    (17, 17, '2023-01-21', 'Fri', 1017, 117, 760.00, 0.00, 'David Brown', 'Verified'),
    (18, 18, '2023-01-22', 'Sat', 1018, 118, 830.00, 0.00, 'Emma Davis', 'Verified'),
    (19, 19, '2023-01-23', 'Sun', 1019, 119, 690.00, 0.00, 'Christopher Lee', 'Verified'),
    (20, 20, '2023-01-24', 'Mon', 1020, 120, 750.00, 0.00, 'Olivia Moore', 'Verified'),
    (21, 21, '2023-01-25', 'Tue', 1021, 121, 820.00, 0.00, 'James Wilson', 'Verified'),
    (22, 22, '2023-01-26', 'Wed', 1022, 122, 660.00, 0.00, 'Sophia Smith', 'Verified'),
    (23, 23, '2023-01-27', 'Thu', 1023, 123, 720.00, 0.00, 'William Johnson', 'Verified'),
    (24, 24, '2023-01-28', 'Fri', 1024, 124, 780.00, 0.00, 'Isabella Brown', 'Verified'),
    (25, 25, '2023-01-29', 'Sat', 1025, 125, 900.00, 0.00, 'Ethan Davis', 'Verified'),
    (26, 26, '2023-01-30', 'Sun', 1026, 126, 840.00, 0.00, 'Ava Wilson', 'Verified'),
    (27, 27, '2023-01-31', 'Mon', 1027, 127, 760.00, 0.00, 'Michael Johnson', 'Verified'),
    (28, 28, '2023-02-01', 'Tue', 1028, 128, 830.00, 0.00, 'Emily Wilson', 'Verified'),
    (29, 29, '2023-02-02', 'Wed', 1029, 129, 690.00, 0.00, 'David Brown', 'Verified'),
    (30, 30, '2023-02-03', 'Thu', 1030, 130, 750.00, 0.00, 'Emma Davis', 'Verified'),
    (31, 31, '2023-02-04', 'Fri', 1031, 131, 820.00, 0.00, 'Christopher Lee', 'Verified'),
    (32, 32, '2023-02-05', 'Sat', 1032, 132, 660.00, 0.00, 'Olivia Moore', 'Verified'),
    (33, 33, '2023-02-06', 'Sun', 1033, 133, 720.00, 0.00, 'James Wilson', 'Verified'),
    (34, 34, '2023-02-07', 'Mon', 1034, 134, 780.00, 0.00, 'Sophia Smith', 'Verified'),
    (35, 35, '2023-02-08', 'Tue', 1035, 135, 900.00, 0.00, 'William Johnson', 'Verified'),
    (36, 36, '2023-02-09', 'Wed', 1036, 136, 840.00, 0.00, 'Isabella Brown', 'Verified'),
    (37, 37, '2023-02-10', 'Thu', 1037, 137, 760.00, 0.00, 'Ethan Davis', 'Verified'),
    (38, 38, '2023-02-11', 'Fri', 1038, 138, 830.00, 0.00, 'Ava Wilson', 'Verified'),
    (39, 39, '2023-02-12', 'Sat', 1039, 139, 690.00, 0.00, 'Michael Johnson', 'Verified'),
    (40, 40, '2023-02-13', 'Sun', 1040, 140, 750.00, 0.00, 'Emily Wilson', 'Verified'),
    (41, 41, '2023-02-14', 'Mon', 1041, 141, 820.00, 0.00, 'David Brown', 'Verified'),
    (42, 42, '2023-02-15', 'Tue', 1042, 142, 660.00, 0.00, 'Emma Davis', 'Verified'),
    (43, 43, '2023-02-16', 'Wed', 1043, 143, 720.00, 0.00, 'Christopher Lee', 'Verified'),
    (44, 44, '2023-02-17', 'Thu', 1044, 144, 780.00, 0.00, 'Olivia Moore', 'Verified'),
    (45, 45, '2023-02-18', 'Fri', 1045, 145, 900.00, 0.00, 'James Wilson', 'Verified'),
    (46, 46, '2023-02-19', 'Sat', 1046, 146, 840.00, 0.00, 'Sophia Smith', 'Verified'),
    (47, 47, '2023-02-20', 'Sun', 1047, 147, 760.00, 0.00, 'William Johnson', 'Verified'),
    (48, 48, '2023-02-21', 'Mon', 1048, 148, 830.00, 0.00, 'Isabella Brown', 'Verified'),
    (49, 49, '2023-02-22', 'Tue', 1049, 149, 690.00, 0.00, 'Ethan Davis', 'Verified'),
    (50, 50, '2023-02-23', 'Wed', 1050, 150, 750.00, 0.00, 'Ava Wilson', 'Verified');

 

 

-- Inserting data into the "cashupsheetdraft" table
INSERT INTO cashupsheetdraft (draft_id, cashupsheet_id, date, time, epos, cash, pdq, delivery, difference, void, discount, refund, status)
VALUES
    (1, 1, '2023-01-05', '08', 250.00, 500.00, 750.00, 50.00, 0.00, 10.00, 20.00, 5.00, 'Completed'),
    (2, 2, '2023-01-06', '10', 300.00, 300.50, 850.00, 60.00, 0.00, 5.00, 15.00, 0.00, 'Completed'),
    (3, 3, '2023-01-07', '11', 180.00, 200.25, 700.00, 30.00, 0.00, 8.00, 10.00, 0.00, 'Completed'),
    (4, 4, '2023-01-08', '12', 150.00, 450.75, 650.00, 40.00, 0.00, 12.00, 25.00, 0.00, 'Completed'),
    (5, 5, '2023-01-09', '09', 200.00, 600.50, 800.00, 55.00, 0.00, 15.00, 30.00, 0.00, 'Completed'),
    (6, 6, '2023-01-10', '08', 220.00, 750.00, 770.00, 48.00, 0.00, 20.00, 18.00, 0.00, 'Completed'),
    (7, 7, '2023-01-11', '07', 260.00, 400.25, 830.00, 38.00, 0.00, 25.00, 12.00, 0.00, 'Completed'),
    (8, 8, '2023-01-12', '10', 270.00, 550.50, 870.00, 42.00, 0.00, 18.00, 8.00, 0.00, 'Completed'),
    (9, 9, '2023-01-13', '09', 180.00, 700.75, 680.00, 33.00, 0.00, 22.00, 15.00, 0.00, 'Completed'),
    (10, 10, '2023-01-14', '11', 210.00, 950.50, 760.00, 47.00, 0.00, 20.00, 22.00, 0.00, 'Completed'),
    (11, 11, '2023-01-15', '08', 240.00, 800.00, 840.00, 56.00, 0.00, 18.00, 13.00, 0.00, 'Completed'),
    (12, 12, '2023-01-16', '10', 280.00, 300.25, 660.00, 25.00, 0.00, 10.00, 7.00, 0.00, 'Completed'),
    (13, 13, '2023-01-17', '09', 190.00, 400.50, 720.00, 28.00, 0.00, 8.00, 3.00, 0.00, 'Completed'),
    (14, 14, '2023-01-18', '11', 200.00, 550.75, 780.00, 37.00, 0.00, 12.00, 11.00, 0.00, 'Completed'),
    (15, 15, '2023-01-19', '09', 230.00, 750.50, 900.00, 45.00, 0.00, 15.00, 15.00, 0.00, 'Completed'),
    (16, 16, '2023-01-20', '08', 260.00, 900.00, 840.00, 38.00, 0.00, 18.00, 20.00, 0.00, 'Completed'),
    (17, 17, '2023-01-21', '10', 280.00, 600.25, 760.00, 43.00, 0.00, 20.00, 25.00, 0.00, 'Completed'),
    (18, 18, '2023-01-22', '09', 190.00, 700.50, 830.00, 50.00, 0.00, 22.00, 30.00, 0.00, 'Completed'),
    (19, 19, '2023-01-23', '11', 210.00, 850.75, 690.00, 27.00, 0.00, 15.00, 5.00, 0.00, 'Completed'),
    (20, 20, '2023-01-24', '09', 230.00, 950.50, 750.00, 32.00, 0.00, 12.00, 10.00, 0.00, 'Completed'),
    (21, 21, '2023-01-25', '08', 260.00, 800.00, 820.00, 47.00, 0.00, 10.00, 6.00, 0.00, 'Completed'),
    (22, 22, '2023-01-26', '10', 280.00, 350.25, 660.00, 25.00, 0.00, 5.00, 4.00, 0.00, 'Completed'),
    (23, 23, '2023-01-27', '09', 190.00, 450.50, 720.00, 28.00, 0.00, 3.00, 3.00, 0.00, 'Completed'),
    (24, 24, '2023-01-28', '11', 200.00, 650.75, 780.00, 32.00, 0.00, 6.00, 5.00, 0.00, 'Completed'),
    (25, 25, '2023-01-29', '09', 230.00, 750.50, 900.00, 35.00, 0.00, 7.00, 7.00, 0.00, 'Completed'),
    (26, 26, '2023-01-30', '10', 260.00, 950.00, 840.00, 40.00, 0.00, 5.00, 6.00, 0.00, 'Completed'),
    (27, 27, '2023-01-31', '08', 280.00, 800.25, 760.00, 43.00, 0.00, 10.00, 4.00, 0.00, 'Completed'),
    (28, 28, '2023-02-01', '09', 190.00, 700.50, 830.00, 48.00, 0.00, 12.00, 8.00, 0.00, 'Completed'),
    (29, 29, '2023-02-02', '10', 210.00, 850.75, 690.00, 55.00, 0.00, 15.00, 5.00, 0.00, 'Completed'),
    (30, 30, '2023-02-03', '11', 230.00, 950.25, 750.00, 60.00, 0.00, 18.00, 2.00, 0.00, 'Completed'),
    (31, 31, '2023-02-04', '08', 260.00, 1000.00, 820.00, 45.00, 0.00, 20.00, 3.00, 0.00, 'Completed'),
    (32, 32, '2023-02-05', '10', 280.00, 800.50, 660.00, 30.00, 0.00, 22.00, 5.00, 0.00, 'Completed'),
    (33, 33, '2023-02-06', '09', 190.00, 600.25, 720.00, 28.00, 0.00, 25.00, 7.00, 0.00, 'Completed'),
    (34, 34, '2023-02-07', '11', 200.00, 450.75, 780.00, 32.00, 0.00, 20.00, 10.00, 0.00, 'Completed'),
    (35, 35, '2023-02-08', '09', 230.00, 700.50, 900.00, 35.00, 0.00, 15.00, 5.00, 0.00, 'Completed'),
    (36, 36, '2023-02-09', '10', 260.00, 850.00, 840.00, 40.00, 0.00, 12.00, 8.00, 0.00, 'Completed'),
    (37, 37, '2023-02-10', '11', 280.00, 950.25, 760.00, 43.00, 0.00, 10.00, 10.00, 0.00, 'Completed'),
    (38, 38, '2023-02-11', '08', 190.00, 1200.50, 830.00, 48.00, 0.00, 5.00, 2.00, 0.00, 'Completed'),
    (39, 39, '2023-02-12', '10', 210.00, 1000.75, 690.00, 50.00, 0.00, 4.00, 4.00, 0.00, 'Completed'),
    (40, 40, '2023-02-13', '09', 230.00, 750.50, 750.00, 52.00, 0.00, 3.00, 1.00, 0.00, 'Completed'),
    (41, 41, '2023-02-14', '11', 260.00, 900.00, 820.00, 55.00, 0.00, 2.00, 2.00, 0.00, 'Completed'),
    (42, 42, '2023-02-15', '09', 280.00, 350.25, 660.00, 57.00, 0.00, 1.00, 0.00, 0.00, 'Completed'),
    (43, 43, '2023-02-16', '11', 190.00, 450.50, 720.00, 60.00, 0.00, 0.00, 0.00, 0.00, 'Completed'),
    (44, 44, '2023-02-17', '09', 200.00, 650.75, 780.00, 62.00, 0.00, 3.00, 2.00, 0.00, 'Completed'),
    (45, 45, '2023-02-18', '11', 230.00, 750.50, 900.00, 48.00, 0.00, 5.00, 3.00, 0.00, 'Completed'),
    (46, 46, '2023-02-19', '08', 260.00, 950.00, 840.00, 50.00, 0.00, 6.00, 1.00, 0.00, 'Completed'),
    (47, 47, '2023-02-20', '10', 280.00, 800.25, 760.00, 55.00, 0.00, 2.00, 4.00, 0.00, 'Completed'),
    (48, 48, '2023-02-21', '09', 190.00, 700.50, 830.00, 57.00, 0.00, 3.00, 5.00, 0.00, 'Completed'),
    (49, 49, '2023-02-22', '11', 210.00, 850.75, 690.00, 60.00, 0.00, 1.00, 6.00, 0.00, 'Completed'),
    (50, 50, '2023-02-23', '09', 230.00, 950.50, 750.00, 48.00, 0.00, 2.00, 8.00, 0.00, 'Completed');

 

 

-- Inserting data into the "covers" table
INSERT INTO covers (covers_id, tablecover, thirdpartycover, takeaway, void, totalcover)
VALUES
    (1, 10, 5, 2, 1, 18),
    (2, 15, 7, 3, 0, 25),
    (3, 12, 6, 4, 2, 20),
    (4, 8, 4, 1, 1, 12),
    (5, 20, 10, 5, 2, 33),
    (6, 14, 7, 3, 0, 24),
    (7, 18, 9, 4, 1, 30),
    (8, 9, 4, 2, 0, 15),
    (9, 16, 8, 3, 1, 26),
    (10, 11, 5, 1, 1, 16),
    (11, 22, 11, 5, 2, 37),
    (12, 17, 9, 3, 0, 28),
    (13, 13, 6, 2, 1, 20),
    (14, 21, 10, 4, 1, 34),
    (15, 10, 5, 1, 0, 16),
    (16, 15, 8, 3, 1, 24),
    (17, 12, 6, 2, 0, 20),
    (18, 8, 4, 1, 1, 12),
    (19, 20, 10, 5, 2, 33),
    (20, 14, 7, 2, 0, 23),
    (21, 18, 9, 4, 1, 30),
    (22, 9, 4, 1, 0, 14),
    (23, 16, 8, 3, 1, 26),
    (24, 11, 5, 1, 1, 16),
    (25, 22, 11, 5, 2, 37),
    (26, 17, 9, 3, 0, 29),
    (27, 13, 6, 2, 1, 20),
    (28, 21, 10, 4, 1, 34),
    (29, 10, 5, 1, 0, 16),
    (30, 15, 8, 3, 1, 24),
    (31, 12, 6, 2, 0, 20),
    (32, 8, 4, 1, 1, 12),
    (33, 20, 10, 5, 2, 33),
    (34, 14, 7, 3, 0, 23),
    (35, 18, 9, 4, 1, 30),
    (36, 9, 4, 1, 0, 14),
    (37, 16, 8, 3, 1, 26),
    (38, 11, 5, 1, 1, 16),
    (39, 22, 11, 5, 2, 37),
    (40, 17, 9, 3, 0, 28),
    (41, 13, 6, 2, 1, 20),
    (42, 21, 10, 4, 1, 34),
    (43, 10, 5, 1, 0, 16),
    (44, 15, 8, 3, 1, 24),
    (45, 12, 6, 2, 0, 20),
    (46, 8, 4, 1, 1, 12),
    (47, 20, 10, 5, 2, 33),
    (48, 14, 7, 3, 0, 23),
    (49, 18, 9, 4, 1, 30),
    (50, 9, 4, 1, 0, 14);

 

 