INSERT INTO thirdparty (thirdparty_id, date, time, zomato, justeat, deliveroo, ubereats, totalthirdparty)
VALUES
    (1, '2023-07-26', 'AM', 150.50, 120.75, 180.25, 90.80, 542.30),
    (2, '2023-07-26', 'PM', 135.25, 110.50, 160.30, 80.40, 486.45),
    (3, '2023-07-27', 'AM', 142.80, 115.30, 170.40, 85.20, 513.70),
    (4, '2023-07-27', 'PM', 130.60, 105.75, 155.80, 78.90, 470.05),
    (5, '2023-07-28', 'AM', 148.20, 120.00, 178.50, 88.70, 535.40),
    (6, '2023-07-28', 'PM', 133.75, 112.30, 162.90, 82.80, 491.75),
    (7, '2023-07-29', 'AM', 144.90, 118.20, 175.30, 87.60, 525.00),
    (8, '2023-07-29', 'PM', 129.30, 103.80, 152.70, 77.40, 463.20),
    (9, '2023-07-30', 'AM', 140.80, 114.50, 168.20, 84.30, 507.80),
    (10, '2023-07-30', 'PM', 132.40, 108.90, 160.10, 81.70, 483.10),
    (11, '2023-07-31', 'AM', 147.30, 119.80, 177.90, 89.20, 534.20),
    (12, '2023-07-31', 'PM', 135.80, 112.70, 163.60, 83.50, 495.60),
    (13, '2023-08-01', 'AM', 142.50, 116.20, 171.20, 86.40, 516.30),
    (14, '2023-08-01', 'PM', 128.60, 104.90, 152.30, 76.80, 462.60),
    (15, '2023-08-02', 'AM', 146.20, 118.50, 175.70, 88.00, 528.40),
    (16, '2023-08-02', 'PM', 134.20, 110.20, 161.90, 82.20, 488.50),
    (17, '2023-08-03', 'AM', 143.80, 117.60, 172.50, 85.80, 519.70),
    (18, '2023-08-03', 'PM', 127.80, 103.20, 150.60, 75.60, 457.20),
    (19, '2023-08-04', 'AM', 148.60, 119.30, 178.40, 89.60, 536.90),
    (20, '2023-08-04', 'PM', 132.90, 109.80, 160.40, 81.50, 484.60),
    (21, '2023-08-05', 'AM', 141.90, 115.80, 170.80, 86.00, 514.50),
    (22, '2023-08-05', 'PM', 129.90, 105.50, 154.20, 78.90, 468.50),
    (23, '2023-08-06', 'AM', 144.50, 118.00, 174.60, 87.40, 524.50),
    (24, '2023-08-06', 'PM', 130.80, 104.50, 152.90, 76.80, 464.00),
    (25, '2023-08-07', 'AM', 140.30, 114.60, 169.30, 85.30, 509.50),
    (26, '2023-08-07', 'PM', 133.70, 109.20, 161.00, 81.80, 486.70),
    (27, '2023-08-08', 'AM', 146.80, 118.90, 177.30, 88.90, 531.90),
    (28, '2023-08-08', 'PM', 131.50, 107.50, 157.80, 80.20, 477.10),
    (29, '2023-08-09', 'AM', 142.20, 115.10, 170.10, 84.80, 512.20),
    (30, '2023-08-09', 'PM', 127.20, 103.80, 150.20, 75.50, 456.70);




INSERT INTO deposit (deposit_id, outstanding, pendingdeposit, banked)
VALUES
    (1, 1000.50, 250.75, 749.75),
    (2, 750.25, 150.50, 599.75),
    (3, 800.80, 200.30, 600.50),
    (4, 900.60, 225.75, 674.85),
    (5, 650.20, 125.00, 525.20),
    (6, 700.75, 175.25, 525.50),
    (7, 850.90, 212.60, 638.30),
    (8, 950.30, 237.80, 712.50),
    (9, 600.80, 150.50, 450.30),
    (10, 720.40, 180.10, 540.30),
    (11, 780.30, 195.50, 584.80),
    (12, 880.80, 220.20, 660.60),
    (13, 670.50, 167.60, 502.90),
    (14, 730.60, 182.90, 547.70),
    (15, 840.20, 210.50, 629.70),
    (16, 920.20, 230.10, 690.10),
    (17, 690.80, 172.50, 518.30),
    (18, 760.80, 190.20, 570.60),
    (19, 890.60, 222.60, 667.00),
    (20, 970.90, 242.70, 728.20),
    (21, 620.90, 155.20, 465.70),
    (22, 740.50, 185.10, 555.40),
    (23, 800.20, 200.60, 599.60),
    (24, 900.80, 225.20, 675.60),
    (25, 670.20, 167.50, 502.70),
    (26, 750.70, 187.80, 562.90),
    (27, 840.80, 210.20, 630.60),
    (28, 920.50, 230.10, 690.40),
    (29, 610.20, 152.80, 457.40),
    (30, 740.20, 185.30, 554.90);



INSERT INTO depobanked (banked_id, bankeddate, cashupsheets, girono, bankingtotal, variance, sealedby, action)
VALUES
    (1, '2023-07-26', 5, 131501, 2500.75, 25.50, 'John Doe', 'view'),
    (2, '2023-07-27', 7, 131502, 3200.20, 45.80, 'Jane Smith', 'edit'),
    (3, '2023-07-28', 8, 131503, 3500.90, 30.10, 'Mike Johnson', 'delete'),
    (4, '2023-07-29', 6, 131504, 2900.50, 15.25, 'Emily Brown', 'view'),
    (5, '2023-07-30', 9, 131505, 4100.60, 50.40, 'David Lee', 'edit'),
    (6, '2023-07-31', 5, 131506, 2400.80, 35.60, 'Jennifer Adams', 'delete'),
    (7, '2023-08-01', 7, 131507, 3400.30, 20.80, 'Robert Wilson', 'view'),
    (8, '2023-08-02', 8, 131508, 3600.20, 10.50, 'Sarah Johnson', 'edit'),
    (9, '2023-08-03', 6, 131509, 2900.10, 5.75, 'Michael Smith', 'delete'),
    (10, '2023-08-04', 9, 131510, 4200.75, 60.30, 'Jessica Brown', 'view'),
    (11, '2023-08-05', 5, 131511, 2500.50, 30.20, 'William Davis', 'edit'),
    (12, '2023-08-06', 7, 131512, 3300.40, 40.80, 'Karen Wilson', 'delete'),
    (13, '2023-08-07', 8, 131513, 3600.20, 20.10, 'Christopher Johnson', 'view'),
    (14, '2023-08-08', 6, 131514, 2800.60, 10.50, 'Megan Lee', 'edit'),
    (15, '2023-08-09', 9, 131515, 4100.80, 15.25, 'James Adams', 'delete'),
    (16, '2023-08-10', 5, 131516, 2400.20, 50.40, 'Emily Wilson', 'view'),
    (17, '2023-08-11', 7, 131517, 3500.30, 25.80, 'David Johnson', 'edit'),
    (18, '2023-08-12', 8, 131518, 3700.50, 30.10, 'Laura Smith', 'delete'),
    (19, '2023-08-13', 6, 131519, 3000.80, 45.60, 'Ryan Brown', 'view'),
    (20, '2023-08-14', 9, 131520, 4300.75, 20.30, 'Jennifer Davis', 'edit'),
    (21, '2023-08-15', 5, 131521, 2600.50, 10.20, 'Michael Wilson', 'delete'),
    (22, '2023-08-16', 7, 131522, 3600.20, 35.80, 'Sarah Johnson', 'view'),
    (23, '2023-08-17', 8, 131523, 3800.10, 40.75, 'William Smith', 'edit'),
    (24, '2023-08-18', 6, 131524, 2900.60, 5.40, 'Jessica Lee', 'delete'),
    (25, '2023-08-19', 9, 131525, 4400.80, 50.50, 'John Adams', 'view'),
    (26, '2023-08-20', 5, 131526, 2800.30, 30.10, 'Emily Wilson', 'edit'),
    (27, '2023-08-21', 7, 131527, 3800.20, 15.60, 'David Johnson', 'delete'),
    (28, '2023-08-22', 8, 131528, 3900.50, 20.10, 'Laura Smith', 'view'),
    (29, '2023-08-23', 6, 131529, 3100.80, 45.30, 'Ryan Brown', 'edit'),
    (30, '2023-08-24', 9, 131530, 4500.75, 40.20, 'Jennifer Davis', 'delete');




INSERT INTO pendingdeposits (pendingdeposits_id, date, epos, cash, difference)
VALUES
    (1, '2023-07-26', 1500.25, 800.50, 50.25),
    (2, '2023-07-27', 1700.80, 750.60, 90.20),
    (3, '2023-07-28', 1800.90, 820.30, 65.40),
    (4, '2023-07-29', 1600.50, 790.40, 45.10),
    (5, '2023-07-30', 1900.60, 880.75, 70.85),
    (6, '2023-07-31', 1400.40, 720.20, 30.60),
    (7, '2023-08-01', 1650.30, 760.90, 55.50),
    (8, '2023-08-02', 1750.20, 830.80, 80.40),
    (9, '2023-08-03', 1580.10, 780.30, 45.80),
    (10, '2023-08-04', 1950.75, 900.40, 100.35),
    (11, '2023-08-05', 1450.50, 720.10, 35.70),
    (12, '2023-08-06', 1680.40, 790.25, 60.15),
    (13, '2023-08-07', 1850.20, 850.60, 80.60),
    (14, '2023-08-08', 1770.60, 830.40, 55.20),
    (15, '2023-08-09', 1600.80, 780.50, 40.30),
    (16, '2023-08-10', 1920.50, 920.30, 75.20),
    (17, '2023-08-11', 1430.30, 700.80, 30.50),
    (18, '2023-08-12', 1680.50, 780.90, 45.10),
    (19, '2023-08-13', 1900.80, 840.20, 80.60),
    (20, '2023-08-14', 1790.75, 810.40, 65.35),
    (21, '2023-08-15', 1550.50, 750.10, 25.40),
    (22, '2023-08-16', 1750.20, 810.25, 55.95),
    (23, '2023-08-17', 1820.10, 860.40, 75.70),
    (24, '2023-08-18', 1650.60, 780.30, 40.10),
    (25, '2023-08-19', 1950.80, 920.50, 80.30),
    (26, '2023-08-20', 1470.30, 710.80, 30.50),
    (27, '2023-08-21', 1700.20, 800.90, 55.30),
    (28, '2023-08-22', 1870.50, 870.20, 60.30),
    (29, '2023-08-23', 1810.80, 830.40, 75.40),
    (30, '2023-08-24', 1580.75, 780.50, 45.25);




 INSERT INTO createnewbanking (newbanking_id, pendingdeposits_id, deposit_id, date, giroslipno, bankingtotal, bankedtotal, sealedby, Selectedsheetdate, reason, bankingdate)
VALUES
    (1, 1, 101, '2023-07-26', 131501, 2500.75, 2500.00, 'John Doe', '2023-07-26', 'Overpayment', '2023-07-27'),
    (2, 2, 102, '2023-07-27', 131502, 2100.80, 2100.00, 'Jane Smith', '2023-07-27', 'Shortage in cash', '2023-07-28'),
    (3, 3, 103, '2023-07-28', 131503, 1900.90, 1900.00, 'Michael Johnson', '2023-07-28', 'Overpayment', '2023-07-29'),
    (4, 4, 104, '2023-07-29', 131504, 1800.50, 1800.00, 'Emily Williams', '2023-07-29', 'Shortage in cash', '2023-07-30'),
    (5, 5, 105, '2023-07-30', 131505, 2700.60, 2700.00, 'Robert Brown', '2023-07-30', 'Overpayment', '2023-07-31'),
    (6, 6, 106, '2023-07-31', 131506, 1500.40, 1500.00, 'David Lee', '2023-07-31', 'Shortage in cash', '2023-08-01'),
    (7, 7, 107, '2023-08-01', 131507, 2300.30, 2300.00, 'Sarah Miller', '2023-08-01', 'Overpayment', '2023-08-02'),
    (8, 8, 108, '2023-08-02', 131508, 2400.20, 2400.00, 'Jessica Davis', '2023-08-02', 'Shortage in cash', '2023-08-03'),
    (9, 9, 109, '2023-08-03', 131509, 2200.10, 2200.00, 'Christopher Wilson', '2023-08-03', 'Overpayment', '2023-08-04'),
    (10, 10, 110, '2023-08-04', 131510, 2600.75, 2600.00, 'James Johnson', '2023-08-04', 'Shortage in cash', '2023-08-05'),
    (11, 11, 111, '2023-08-05', 131511, 2700.50, 2700.00, 'Jennifer Thompson', '2023-08-05', 'Overpayment', '2023-08-06'),
    (12, 12, 112, '2023-08-06', 131512, 1900.40, 1900.00, 'Michael Lewis', '2023-08-06', 'Shortage in cash', '2023-08-07'),
    (13, 13, 113, '2023-08-07', 131513, 2300.20, 2300.00, 'Elizabeth Hall', '2023-08-07', 'Overpayment', '2023-08-08'),
    (14, 14, 114, '2023-08-08', 131514, 2100.60, 2100.00, 'Christopher Brown', '2023-08-08', 'Shortage in cash', '2023-08-09'),
    (15, 15, 115, '2023-08-09', 131515, 2600.80, 2600.00, 'Mary Wilson', '2023-08-09', 'Overpayment', '2023-08-10'),
    (16, 16, 116, '2023-08-10', 131516, 2300.30, 2300.00, 'Matthew Taylor', '2023-08-10', 'Shortage in cash', '2023-08-11'),
    (17, 17, 117, '2023-08-11', 131517, 2100.75, 2100.00, 'Karen Martin', '2023-08-11', 'Overpayment', '2023-08-12'),
    (18, 18, 118, '2023-08-12', 131518, 1900.50, 1900.00, 'William Anderson', '2023-08-12', 'Shortage in cash', '2023-08-13'),
    (19, 19, 119, '2023-08-13', 131519, 2200.10, 2200.00, 'Lisa White', '2023-08-13', 'Overpayment', '2023-08-14'),
    (20, 20, 120, '2023-08-14', 131520, 2500.75, 2500.00, 'Andrew Scott', '2023-08-14', 'Shortage in cash', '2023-08-15');




 